model,item_id,seed,family,template,k,expected_count,expected_words,target_unit,n_words,duration_s,count_a,rms,spectral_flatness,trailing_silence_s,loop_ac_peak,n_speech_tokens,hit_cap,count_b,expected_duration_s,duration_ratio,agree,count_final,outcome,correct,transcript
llasa1b,ap_blue_t4_k12,0,control_word,t4,12,12,19,blue,19,13.68,12,nan,nan,nan,nan,684,False,,nan,nan,True,12,miscount,0,THE LIGHT WAS QUITE REALLY TRULY FAIRLY RATHER SOMEWHAT EXTREMELY NOTABLY DEEPLY CLEARLY PLAINLY SURELY BEFORE THE STORM ARRIVED
llasa1b,ap_blue_t4_k12,1,control_word,t4,12,12,19,blue,19,10.46,12,nan,nan,nan,nan,523,False,,nan,nan,True,12,miscount,0,THE LIGHT WAS QUITE REALLY TRULY FAIRLY RATHER SOMEWHAT EXTREMELY NOTABLY DEEPLY CLEARLY PLAINLY SURELY BEFORE THE STORM ARRIVED
llasa1b,ap_blue_t4_k12,2,control_word,t4,12,12,19,blue,19,12.96,12,nan,nan,nan,nan,648,False,,nan,nan,True,12,miscount,0,THE LIGHT WAS QUITE REALLY TRULY FAIRLY RATHER SOMEWHAT EXTREMELY NOTABLY DEEPLY CLEARLY PLAINLY SURELY BEFORE THE STORM ARRIVED
llasa1b,ap_blue_t4_k16,0,control_word,t4,16,16,23,blue,23,20.88,16,nan,nan,nan,nan,1044,False,,nan,nan,True,16,miscount,0,THE LIGHT WAS QUITE REALLY TRULY FAIRLY RATHER SOMEWHAT EXTREMELY NOTABLY DEEPLY CLEARLY PLAINLY SURELY BARELY HARDLY MOSTLY NEARLY BEFORE THE STORM ARRIVED
llasa1b,ap_blue_t4_k16,1,control_word,t4,16,16,23,blue,23,11.66,16,nan,nan,nan,nan,583,False,,nan,nan,True,16,miscount,0,THE LIGHT WAS QUITE REALLY TRULY FAIRLY RATHER SOMEWHAT EXTREMELY NOTABLY DEEPLY CLEARLY PLAINLY SURELY BARELY HARDLY MOSTLY NEARLY BEFORE THE STORM ARRIVED
llasa1b,ap_blue_t4_k16,2,control_word,t4,16,16,23,blue,23,15.12,16,nan,nan,nan,nan,756,False,,nan,nan,True,16,miscount,0,THE LIGHT WAS QUITE REALLY TRULY FAIRLY RATHER SOMEWHAT EXTREMELY NOTABLY DEEPLY CLEARLY PLAINLY SURELY BARELY HARDLY MOSTLY NEARLY BEFORE THE STORM ARRIVED
llasa1b,ap_blue_t4_k24,0,control_word,t4,24,24,31,blue,31,16.86,24,nan,nan,nan,nan,843,False,,nan,nan,True,24,miscount,0,THE LIGHT WAS QUITE REALLY TRULY FAIRLY RATHER SOMEWHAT EXTREMELY NOTABLY DEEPLY CLEARLY PLAINLY SURELY BARELY HARDLY MOSTLY NEARLY PARTLY SIMPLY WIDELY WHOLLY BADLY BOLDLY BRISKLY CALMLY BEFORE THE STORM ARRIVED
llasa1b,ap_blue_t4_k24,1,control_word,t4,24,24,31,blue,31,18.86,24,nan,nan,nan,nan,943,False,,nan,nan,True,24,miscount,0,THE LIGHT WAS QUITE REALLY TRULY FAIRLY RATHER SOMEWHAT EXTREMELY NOTABLY DEEPLY CLEARLY PLAINLY SURELY BARELY HARDLY MOSTLY NEARLY PARTLY SIMPLY WIDELY WHOLLY BADLY BOLDLY BRISKLY CALMLY BEFORE THE STORM ARRIVED
llasa1b,ap_blue_t4_k24,2,control_word,t4,24,24,31,blue,31,21.66,24,nan,nan,nan,nan,1083,False,,nan,nan,True,24,miscount,0,THE LIGHT WAS QUITE REALLY TRULY FAIRLY RATHER SOMEWHAT EXTREMELY NOTABLY DEEPLY CLEARLY PLAINLY SURELY BARELY HARDLY MOSTLY NEARLY PARTLY SIMPLY WIDELY WHOLLY BADLY BOLDLY BRISKLY CALMLY BEFORE THE STORM ARRIVED
llasa1b,ap_blue_t4_k32,0,control_word,t4,32,32,39,blue,39,28.36,32,nan,nan,nan,nan,1418,False,,nan,nan,True,32,miscount,0,THE LIGHT WAS QUITE REALLY TRULY FAIRLY RATHER SOMEWHAT EXTREMELY NOTABLY DEEPLY CLEARLY PLAINLY SURELY BARELY HARDLY MOSTLY NEARLY PARTLY SIMPLY WIDELY WHOLLY BADLY BOLDLY BRISKLY CALMLY COLDLY COOLLY CRUDELY DARKLY DEARLY DENSELY DIMLY DRYLY BEFORE THE STORM ARRIVED
llasa1b,ap_blue_t4_k32,1,control_word,t4,32,32,39,blue,41,27.48,32,nan,nan,nan,nan,1374,False,,nan,nan,True,32,miscount,0,THE LIGHT WAS QUITE REALLY TRULY FAIRLY RATHER SOMEWHAT EXTREMELY NOTABLY DEEPLY CLEARLY PLAINLY SURELY BARELY HARDLY MOSTLY NEARLY PARTLY SIMPLY WIDELY WHOLLY BADLY BOLDLY BRISKLY CALMLY COLDLY COOLLY CRUDELY CRUDELY DARKLY DEARLY DENSELY DIMLY DRYLY BEFORE THE STORM ARRIVE VE
llasa1b,ap_blue_t4_k32,2,control_word,t4,32,32,39,blue,40,27.26,32,nan,nan,nan,nan,1363,False,,nan,nan,True,32,miscount,0,THE LIGHT WAS QUITE REALLY TRULY FAIRLY RATHER SOMEWHAT EXTREMELY NOTABLY DEEPLY CLEARLY PLAINLY SURELY BARELY HARDLY MOSTLY NEARLY PARTLY SIMPLY WIDELY WHOLLY BADLY BOLDLY BRISKLY CALMLY COLDLY COOLLY CRUDELY CRUDELY DARKLY DEARLY DENSELY DIMLY DRYLY BEFORE THE STORM ARRIVED
llasa1b,ap_far_t3_k12,0,control_word,t3,12,12,20,far,20,13.1,12,nan,nan,nan,nan,655,False,,nan,nan,True,12,miscount,0,HE WALKED QUITE REALLY TRULY FAIRLY RATHER SOMEWHAT EXTREMELY NOTABLY DEEPLY CLEARLY PLAINLY SURELY INTO THE FOREST BEFORE TURNING BACK
llasa1b,ap_far_t3_k12,1,control_word,t3,12,12,20,far,20,11.16,12,nan,nan,nan,nan,558,False,,nan,nan,True,12,miscount,0,HE WALKED QUITE REALLY TRULY FAIRLY RATHER SOMEWHAT EXTREMELY NOTABLY DEEPLY CLEARLY PLAINLY SURELY INTO THE FOREST BEFORE TURNING BACK
llasa1b,ap_far_t3_k12,2,control_word,t3,12,12,20,far,20,14.82,12,nan,nan,nan,nan,741,False,,nan,nan,True,12,miscount,0,HE WALKED QUITE REALLY TRULY FAIRLY RATHER SOMEWHAT EXTREMELY NOTABLY DEEPLY CLEARLY PLAINLY SURELY INTO THE FOREST BEFORE TURNING BACK
llasa1b,ap_far_t3_k16,0,control_word,t3,16,16,24,far,24,13.32,16,nan,nan,nan,nan,666,False,,nan,nan,True,16,miscount,0,HE WALKED QUITE REALLY TRULY FAIRLY RATHER SOMEWHAT EXTREMELY NOTABLY DEEPLY CLEARLY PLAINLY SURELY BARELY HARDLY MOSTLY NEARLY INTO THE FOREST BEFORE TURNING BACK
llasa1b,ap_far_t3_k16,1,control_word,t3,16,16,24,far,24,17.62,16,nan,nan,nan,nan,881,False,,nan,nan,True,16,miscount,0,HE WALKED QUITE REALLY TRULY FAIRLY RATHER SOMEWHAT EXTREMELY NOTABLY DEEPLY CLEARLY PLAINLY SURELY BARELY HARDLY MOSTLY NEARLY INTO THE FOREST BEFORE TURNING BACK
llasa1b,ap_far_t3_k16,2,control_word,t3,16,16,24,far,24,15.84,16,nan,nan,nan,nan,792,False,,nan,nan,True,16,miscount,0,HE WALKED QUITE REALLY TRULY FAIRLY RATHER SOMEWHAT EXTREMELY NOTABLY DEEPLY CLEARLY PLAINLY SURELY BARELY HARDLY MOSTLY NEARLY INTO THE FOREST BEFORE TURNING BACK
llasa1b,ap_far_t3_k24,0,control_word,t3,24,24,32,far,32,18.36,24,nan,nan,nan,nan,918,False,,nan,nan,True,24,miscount,0,HE WALKED QUITE REALLY TRULY FAIRLY RATHER SOMEWHAT EXTREMELY NOTABLY DEEPLY CLEARLY PLAINLY SURELY BARELY HARDLY MOSTLY NEARLY PARTLY SIMPLY WIDELY WHOLLY BADLY BOLDLY BRISKLY CALMLY INTO THE FOREST BEFORE TURNING BACK
llasa1b,ap_far_t3_k24,1,control_word,t3,24,24,32,far,32,20.14,24,nan,nan,nan,nan,1007,False,,nan,nan,True,24,miscount,0,HE WALKED QUITE REALLY TRULY FAIRLY RATHER SOMEWHAT EXTREMELY NOTABLY DEEPLY CLEARLY PLAINLY SURELY BARELY HARDLY MOSTLY NEARLY PARTLY SIMPLY WIDELY WHOLLY BADLY BOLDLY BRISKLY CALMLY INTO THE FOREST BEFORE TURNING BACK
llasa1b,ap_far_t3_k24,2,control_word,t3,24,24,32,far,32,21.54,23,nan,nan,nan,nan,1077,False,,nan,nan,True,23,undercount,0,HE WALKED QUITE REALLY TRULY FAIRLY RATHER SOMEWHAT EXTREMELY NOTABLY DEEPLY CLEARLY PLAINLY SURELY BARELY HARDLY MOSTLY NEARLY HARDLY SIMPLY WIDELY WHOLLY BADLY BOLDLY BRISKLY CALMLY INTO THE FORS BEFORE TURNING BACK
llasa1b,ap_far_t3_k32,0,control_word,t3,32,32,40,far,41,27.16,32,nan,nan,nan,nan,1358,False,,nan,nan,True,32,miscount,0,HE WALKED QUITE REALLY TRULY FAIRLY RATHER SOMEWHAT EXTREMELY NOTABLY DEEPLY CLEARLY PLAINLY SURELY BARELY HARDLY MOSTLY NEARLY PARTLY SIMPLY WIDELY WHOLLY BADLY BOLDLY BRISKLY CALMLY COLDLY COOLLY CRUDELY DARKLY DEARLY DENSELY DIMLY DRYLY INTO THE FORE FOREST BEFORE TURNING BACK
llasa1b,ap_far_t3_k32,1,control_word,t3,32,32,40,far,39,21.46,29,nan,nan,nan,nan,1073,False,,nan,nan,True,29,undercount,0,HE WALKED QUITE REALLY TRULY FAIRLY RATHER SOMEWHAT EXTREMELY NOTABLY DEEPLY CLEARLY PLAINLY SURELY BARELY HARDLY MOSTLY NEARLY PARTLY SIMPLY WIDELY BADLY MOLDLY BRISKLY CALMLY COLDLY COOLLY CRUDELY DARKLY YEARLY DENSELY DIMLY DRYLY INTO THE FOREST BEFORE TURNING BACK
llasa1b,ap_far_t3_k32,2,control_word,t3,32,32,40,far,40,33.06,26,nan,nan,nan,nan,1653,False,,nan,nan,True,26,undercount,0,HE WALKED QUITE REALLY TRULY AIRLY RATHER SOMEWHAT EXTREMELY NOTABLY DEEPLY CLEARLY PLAINLY SURELY FARLY HARDLY MOSTLY MERLY PARTLY SIMPLY WIDELY WHOLLY BADLY BOLDLY BRISKLY CALMLY COLDL COOLY CRUDLY DARKLY DEARLY DENSELY DIMLY DRYLY INTO THE FOREST BEFORE TURNING BACK
llasa1b,ap_no_t2_k12,0,control_word,t2,12,12,22,no,22,12.38,12,nan,nan,nan,nan,619,False,,nan,nan,True,12,miscount,0,SHE SAID QUITE REALLY TRULY FAIRLY RATHER SOMEWHAT EXTREMELY NOTABLY DEEPLY CLEARLY PLAINLY SURELY TO THE OFFER AND THEN LEFT THE ROOM
llasa1b,ap_no_t2_k12,1,control_word,t2,12,12,22,no,22,13.38,12,nan,nan,nan,nan,669,False,,nan,nan,True,12,miscount,0,SHE SAID QUITE REALLY TRULY FAIRLY RATHER SOMEWHAT EXTREMELY NOTABLY DEEPLY CLEARLY PLAINLY SURELY TO THE OFFER AND THEN LEFT THE ROOM
llasa1b,ap_no_t2_k12,2,control_word,t2,12,12,22,no,22,13.1,12,nan,nan,nan,nan,655,False,,nan,nan,True,12,miscount,0,SHE SAID QUITE REALLY TRULY FAIRLY RATHER SOMEWHAT EXTREMELY NOTABLY DEEPLY CLEARLY PLAINLY SURELY TO THE OFFER AND THEN LEFT THE ROOM
llasa1b,ap_no_t2_k16,0,control_word,t2,16,16,26,no,26,14.34,16,nan,nan,nan,nan,717,False,,nan,nan,True,16,miscount,0,SHE SAID QUITE REALLY TRULY FAIRLY RATHER SOMEWHAT EXTREMELY NOTABLY DEEPLY CLEARLY PLAINLY SURELY BARELY HARDLY MOSTLY NEARLY TO THE OFFER AND THEN LEFT THE ROOM
llasa1b,ap_no_t2_k16,1,control_word,t2,16,16,26,no,26,13.54,16,nan,nan,nan,nan,677,False,,nan,nan,True,16,miscount,0,SHE SAID QUITE REALLY TRULY FAIRLY RATHER SOMEWHAT EXTREMELY NOTABLY DEEPLY CLEARLY PLAINLY SURELY BARELY HARDLY MOSTLY NEARLY TO THE OFFER AND THEN LEFT THE ROOM
llasa1b,ap_no_t2_k16,2,control_word,t2,16,16,26,no,26,16.98,16,nan,nan,nan,nan,849,False,,nan,nan,True,16,miscount,0,SHE SAID QUITE REALLY TRULY FAIRLY RATHER SOMEWHAT EXTREMELY NOTABLY DEEPLY CLEARLY PLAINLY SURELY BARELY HARDLY MOSTLY NEARLY TO THE OFFER AND THEN LEFT THE ROOM
llasa1b,ap_no_t2_k24,0,control_word,t2,24,24,34,no,34,21.66,24,nan,nan,nan,nan,1083,False,,nan,nan,True,24,miscount,0,SHE SAID QUITE REALLY TRULY FAIRLY RATHER SOMEWHAT EXTREMELY NOTABLY DEEPLY CLEARLY PLAINLY SURELY BARELY HARDLY MOSTLY NEARLY PARTLY SIMPLY WIDELY WHOLLY BADLY BOLDLY BRISKLY CALMLY TO THE OFFER AND THEN LEFT THE ROOM
llasa1b,ap_no_t2_k24,1,control_word,t2,24,24,34,no,34,18.5,23,nan,nan,nan,nan,925,False,,nan,nan,True,23,undercount,0,SHE SAID QUITE REALLY TRULY FAIRLY RATHER SOMEWHAT EXTREMELY NOTABLY DEEPLY CLEARLY PLAINLY SURELY FAIRLY HARDLY MOSTLY NEARLY PARTLY SIMPLY WIDELY WHOLLY BADLY BOLDLY BRISKLY CALMLY TO THE OFFER AND THEN LEFT THE ROOM
llasa1b,ap_no_t2_k24,2,control_word,t2,24,24,34,no,35,27.54,24,nan,nan,nan,nan,1377,False,,nan,nan,True,24,miscount,0,SHE SAID QUITE REALLY TRULY FAIRLY RATHER SOMEWHAT EXTREMELY NOTABLY DEEPLY CLEARLY PLAINLY SURELY BARELY HARDLY MOSTLY NEARLY PARTLY SIMPLY WIDELY WHOLLY WHOLLY BADLY BOLDLY BRISKLY CALMLY TO THE OFFER AND THEN LEFT THE ROOM
llasa1b,ap_no_t2_k32,0,control_word,t2,32,32,42,no,42,22.74,32,nan,nan,nan,nan,1137,False,,nan,nan,True,32,miscount,0,SHE SAID QUITE REALLY TRULY FAIRLY RATHER SOMEWHAT EXTREMELY NOTABLY DEEPLY CLEARLY PLAINLY SURELY BARELY HARDLY MOSTLY NEARLY PARTLY SIMPLY WIDELY WHOLLY BADLY BOLDLY BRISKLY CALMLY COLDLY COOLLY CRUDELY DARKLY DEARLY DENSELY DIMLY DRYLY TO THE OFFER AND THEN LEFT THE ROOM
llasa1b,ap_no_t2_k32,1,control_word,t2,32,32,42,no,42,24.42,32,nan,nan,nan,nan,1221,False,,nan,nan,True,32,miscount,0,SHE SAID QUITE REALLY TRULY FAIRLY RATHER SOMEWHAT EXTREMELY NOTABLY DEEPLY CLEARLY PLAINLY SURELY BARELY HARDLY MOSTLY NEARLY PARTLY SIMPLY WIDELY WHOLLY BADLY BOLDLY BRISKLY CALMLY COLDLY COOLLY CRUDELY DARKLY DEARLY DENSELY DIMLY DRYLY TO THE OFFER AND THEN LEFT THE ROOM
llasa1b,ap_no_t2_k32,2,control_word,t2,32,32,42,no,36,34.04,30,nan,nan,nan,nan,1702,False,,nan,nan,True,30,undercount,0,SHE SAID QUITE REALLY TRULY FAIRLY RATHER SOMEWHAT EXTREMELY NOTABLY DEEPLY CLEARLY PLAINLY SURELY BARELY HARDLY MOSTLY NEARLY PARTLY SIMPLY WIDELY WHOLLY BADLY BOLDLY BRISKLY CALMLY COLDLY CRUBY DARKLY DEARLY DENSELY DIMLY DRYLY TO THE OFFER
llasa1b,ap_quick_t5_k12,0,control_word,t5,12,12,19,quick,19,13.74,12,nan,nan,nan,nan,687,False,,nan,nan,True,12,miscount,0,THE RUNNER MOVED QUITE REALLY TRULY FAIRLY RATHER SOMEWHAT EXTREMELY NOTABLY DEEPLY CLEARLY PLAINLY SURELY ALONG THE NARROW PATH
llasa1b,ap_quick_t5_k12,1,control_word,t5,12,12,19,quick,19,12.34,12,nan,nan,nan,nan,617,False,,nan,nan,True,12,miscount,0,THE RUNNER MOVED QUITE REALLY TRULY FAIRLY RATHER SOMEWHAT EXTREMELY NOTABLY DEEPLY CLEARLY PLAINLY SURELY ALONG THE NARROW PATH
llasa1b,ap_quick_t5_k12,2,control_word,t5,12,12,19,quick,19,13.12,12,nan,nan,nan,nan,656,False,,nan,nan,True,12,miscount,0,THE RUNNER MOVED QUITE REALLY TRULY FAIRLY RATHER SOMEWHAT EXTREMELY NOTABLY DEEPLY CLEARLY PLAINLY SURELY ALONG THE NARROW PATH
llasa1b,ap_quick_t5_k16,0,control_word,t5,16,16,23,quick,23,14.18,16,nan,nan,nan,nan,709,False,,nan,nan,True,16,miscount,0,THE RUNNER MOVED QUITE REALLY TRULY FAIRLY RATHER SOMEWHAT EXTREMELY NOTABLY DEEPLY CLEARLY PLAINLY SURELY BARELY HARDLY MOSTLY NEARLY ALONG THE NARROW PATH
llasa1b,ap_quick_t5_k16,1,control_word,t5,16,16,23,quick,23,14.1,16,nan,nan,nan,nan,705,False,,nan,nan,True,16,miscount,0,THE RUNNER MOVED QUITE REALLY TRULY FAIRLY RATHER SOMEWHAT EXTREMELY NOTABLY DEEPLY CLEARLY PLAINLY SURELY BARELY HARDLY MOSTLY NEARLY ALONG THE NARROW PATH
llasa1b,ap_quick_t5_k16,2,control_word,t5,16,16,23,quick,23,14.9,16,nan,nan,nan,nan,745,False,,nan,nan,True,16,miscount,0,THE RUNNER MOVED QUITE REALLY TRULY FAIRLY RATHER SOMEWHAT EXTREMELY NOTABLY DEEPLY CLEARLY PLAINLY SURELY BARELY HARDLY MOSTLY NEARLY ALONG THE NARROW PATH
llasa1b,ap_quick_t5_k24,0,control_word,t5,24,24,31,quick,31,24.44,24,nan,nan,nan,nan,1222,False,,nan,nan,True,24,miscount,0,THE RUNNER MOVED QUITE REALLY TRULY FAIRLY RATHER SOMEWHAT EXTREMELY NOTABLY DEEPLY CLEARLY PLAINLY SURELY BARELY HARDLY MOSTLY NEARLY PARTLY SIMPLY WIDELY WHOLLY BADLY BOLDLY BRISKLY CALMLY ALONG THE NARROW PATH
llasa1b,ap_quick_t5_k24,1,control_word,t5,24,24,31,quick,31,19.28,23,nan,nan,nan,nan,964,False,,nan,nan,True,23,undercount,0,THE RUNNER MOVED QUITE REALLY TRULY FAIRLY RATHER SOMEWHAT EXTREMELY NOTABLY DEEPLY CLEARLY PLAINLY SURELY BARELY HARDLY MOSTLY MERELY PARTLY SIMPLY WIDELY WHOLLY BADLY BOLDLY BRISKLY CALMLY ALONG THE NARROW PATH
llasa1b,ap_quick_t5_k24,2,control_word,t5,24,24,31,quick,31,21.54,23,nan,nan,nan,nan,1077,False,,nan,nan,True,23,undercount,0,THE RUNNER MOVED QUITE REALLY TRULY FAIRLY RATHER SOMEWHAT EXTREMELY NOTABLY DEEPLY CLEARLY PLAINLY SURELY FARELY HARDLY MOSTLY NEARLY PARTLY SIMPLY WIDELY WHOLLY BADLY BOLDLY BRISKLY CALMLY ALONG THE NARROW PATH
llasa1b,ap_quick_t5_k32,0,control_word,t5,32,32,39,quick,41,32.06,32,nan,nan,nan,nan,1603,False,,nan,nan,True,32,miscount,0,THE RUNNER MOVED QUITE REALLY TRULY FAIRLY RATHER SOMEWHAT EXTREMELY NOTABLY DEEPLY CLEARLY PLAINLY SURELY BARELY HARDLY MOSTLY NEARLY PARTLY SIMPLY WIDELY WHOLLY BADLY BOLDLY BRISKLY CALMLY COLDLY COOLLY CRUDE CRUDELY CRUDELY DARKLY DEARLY DENSELY DIMLY DRYLY ALONG THE NARROW PATH
llasa1b,ap_quick_t5_k32,1,control_word,t5,32,32,39,quick,39,21.96,32,nan,nan,nan,nan,1098,False,,nan,nan,True,32,miscount,0,THE RUNNER MOVED QUITE REALLY TRULY FAIRLY RATHER SOMEWHAT EXTREMELY NOTABLY DEEPLY CLEARLY PLAINLY SURELY BARELY HARDLY MOSTLY NEARLY PARTLY SIMPLY WIDELY WHOLLY BADLY BOLDLY BRISKLY CALMLY COLDLY COOLLY CRUDELY DARKLY DEARLY DENSELY DIMLY DRYLY ALONG THE NARROW PATH
llasa1b,ap_quick_t5_k32,2,control_word,t5,32,32,39,quick,32,34.98,15,nan,nan,nan,nan,1749,False,,nan,nan,True,15,undercount,0,THE RUNNER MOVED QUITE REALLY TRULY FAIRLY RATHER SOMEWHAT EXTREMELY NOTABLY DEEPLY LILLY LLY SURELY BARELY HARDLY MOSTLY MERELY CURLY BADLY BALLY BRISK LE CAMLY COLE DEAR LE DEARLY DANLE DID DIS
llasa1b,ap_really_t6_k12,0,control_word,t6,12,12,19,really,19,9.78,12,nan,nan,nan,nan,489,False,,nan,nan,True,12,miscount,0,THEY WERE QUITE TRULY FAIRLY RATHER SOMEWHAT EXTREMELY NOTABLY DEEPLY CLEARLY PLAINLY SURELY BARELY TIRED AFTER THE LONG JOURNEY
llasa1b,ap_really_t6_k12,1,control_word,t6,12,12,19,really,19,12.62,12,nan,nan,nan,nan,631,False,,nan,nan,True,12,miscount,0,THEY WERE QUITE TRULY FAIRLY RATHER SOMEWHAT EXTREMELY NOTABLY DEEPLY CLEARLY PLAINLY SURELY BARELY TIRED AFTER THE LONG JOURNEY
llasa1b,ap_really_t6_k12,2,control_word,t6,12,12,19,really,19,15.12,12,nan,nan,nan,nan,756,False,,nan,nan,True,12,miscount,0,THEY WERE QUITE TRULY FAIRLY RATHER SOMEWHAT EXTREMELY NOTABLY DEEPLY CLEARLY PLAINLY SURELY BARELY TIRED AFTER THE LONG JOURNEY
llasa1b,ap_really_t6_k16,0,control_word,t6,16,16,23,really,23,15.84,16,nan,nan,nan,nan,792,False,,nan,nan,True,16,miscount,0,THEY WERE QUITE TRULY FAIRLY RATHER SOMEWHAT EXTREMELY NOTABLY DEEPLY CLEARLY PLAINLY SURELY BARELY HARDLY MOSTLY NEARLY PARTLY TIRED AFTER THE LONG JOURNEY
llasa1b,ap_really_t6_k16,1,control_word,t6,16,16,23,really,23,12.3,16,nan,nan,nan,nan,615,False,,nan,nan,True,16,miscount,0,THEY WERE QUITE TRULY FAIRLY RATHER SOMEWHAT EXTREMELY NOTABLY DEEPLY CLEARLY PLAINLY SURELY BARELY HARDLY MOSTLY NEARLY PARTLY TIRED AFTER THE LONG JOURNEY
llasa1b,ap_really_t6_k16,2,control_word,t6,16,16,23,really,23,14.18,16,nan,nan,nan,nan,709,False,,nan,nan,True,16,miscount,0,THEY WERE QUITE TRULY FAIRLY RATHER SOMEWHAT EXTREMELY NOTABLY DEEPLY CLEARLY PLAINLY SURELY BARELY HARDLY MOSTLY NEARLY PARTLY TIRED AFTER THE LONG JOURNEY
llasa1b,ap_really_t6_k24,0,control_word,t6,24,24,31,really,31,24.18,24,nan,nan,nan,nan,1209,False,,nan,nan,True,24,miscount,0,THEY WERE QUITE TRULY FAIRLY RATHER SOMEWHAT EXTREMELY NOTABLY DEEPLY CLEARLY PLAINLY SURELY BARELY HARDLY MOSTLY NEARLY PARTLY SIMPLY WIDELY WHOLLY BADLY BOLDLY BRISKLY CALMLY COLDLY TIRED AFTER THE LONG JOURNEY
llasa1b,ap_really_t6_k24,1,control_word,t6,24,24,31,really,31,19.64,24,nan,nan,nan,nan,982,False,,nan,nan,True,24,miscount,0,THEY WERE QUITE TRULY FAIRLY RATHER SOMEWHAT EXTREMELY NOTABLY DEEPLY CLEARLY PLAINLY SURELY BARELY HARDLY MOSTLY NEARLY PARTLY SIMPLY WIDELY WHOLLY BADLY BOLDLY BRISKLY CALMLY COLDLY TIRED AFTER THE LONG JOURNEY
llasa1b,ap_really_t6_k24,2,control_word,t6,24,24,31,really,31,18.48,24,nan,nan,nan,nan,924,False,,nan,nan,True,24,miscount,0,THEY WERE QUITE TRULY FAIRLY RATHER SOMEWHAT EXTREMELY NOTABLY DEEPLY CLEARLY PLAINLY SURELY BARELY HARDLY MOSTLY NEARLY PARTLY SIMPLY WIDELY WHOLLY BADLY BOLDLY BRISKLY CALMLY COLDLY TIRED AFTER THE LONG JOURNEY
llasa1b,ap_really_t6_k32,0,control_word,t6,32,32,39,really,39,21.28,32,nan,nan,nan,nan,1064,False,,nan,nan,True,32,miscount,0,THEY WERE QUITE TRULY FAIRLY RATHER SOMEWHAT EXTREMELY NOTABLY DEEPLY CLEARLY PLAINLY SURELY BARELY HARDLY MOSTLY NEARLY PARTLY SIMPLY WIDELY WHOLLY BADLY BOLDLY BRISKLY CALMLY COLDLY COOLLY CRUDELY DARKLY DEARLY DENSELY DIMLY DRYLY DULLY TIRED AFTER THE LONG JOURNEY
llasa1b,ap_really_t6_k32,1,control_word,t6,32,32,39,really,39,26.32,31,nan,nan,nan,nan,1316,False,,nan,nan,True,31,undercount,0,THEY WERE QUITE TRULY FAIRLY RATHER SOMEWHAT EXTREMELY NOTABLY DEEPLY CLEARLY PLAINLY SURELY BARELY HARDLY MOSTLY NEARLY PARTLY SIMPLY WIDELY WHOLLY BADLY BOLDLY BRISKLY CALMLY COLDLY COOLLY CRUDELY DARKLY DARLY DENSELY DIMLY DRYLY DULLY TIRED AFTER THE LONG JOURNEY
llasa1b,ap_really_t6_k32,2,control_word,t6,32,32,39,really,34,27.5,27,nan,nan,nan,nan,1375,False,,nan,nan,True,27,undercount,0,THEY WERE QUITE TRULY FAIRLY RATHER SOMEWHAT EXTREMELY NOTABLY DEEPLY CLEARLY PLAINLY SURELY FAIRLY HARDLY MOSTLY MEARLY PARTLY SIMPLY WIDELY WHOLLY BADLY BOLDLY BRISKLY CALMLY COLDLY COOLLY CORLY DARKLY DEARLY DENSE LY DIMLY DRYLY
llasa1b,ap_very_t1_k12,0,control_word,t1,12,12,22,very,22,11.66,12,nan,nan,nan,nan,583,False,,nan,nan,True,12,miscount,0,THE DOG WAS QUITE REALLY TRULY FAIRLY RATHER SOMEWHAT EXTREMELY NOTABLY DEEPLY CLEARLY PLAINLY SURELY BIG AND IT RAN ACROSS THE FIELD
llasa1b,ap_very_t1_k12,1,control_word,t1,12,12,22,very,22,13.02,12,nan,nan,nan,nan,651,False,,nan,nan,True,12,miscount,0,THE DOG WAS QUITE REALLY TRULY FAIRLY RATHER SOMEWHAT EXTREMELY NOTABLY DEEPLY CLEARLY PLAINLY SURELY BIG AND IT RAN ACROSS THE FIELD
llasa1b,ap_very_t1_k12,2,control_word,t1,12,12,22,very,22,11.58,12,nan,nan,nan,nan,579,False,,nan,nan,True,12,miscount,0,THE DOG WAS QUITE REALLY TRULY FAIRLY RATHER SOMEWHAT EXTREMELY NOTABLY DEEPLY CLEARLY PLAINLY SURELY BIG AND IT RAN ACROSS THE FIELD
llasa1b,ap_very_t1_k16,0,control_word,t1,16,16,26,very,26,14.46,16,nan,nan,nan,nan,723,False,,nan,nan,True,16,miscount,0,THE DOG WAS QUITE REALLY TRULY FAIRLY RATHER SOMEWHAT EXTREMELY NOTABLY DEEPLY CLEARLY PLAINLY SURELY BARELY HARDLY MOSTLY NEARLY BIG AND IT RAN ACROSS THE FIELD
llasa1b,ap_very_t1_k16,1,control_word,t1,16,16,26,very,26,13.26,16,nan,nan,nan,nan,663,False,,nan,nan,True,16,miscount,0,THE DOG WAS QUITE REALLY TRULY FAIRLY RATHER SOMEWHAT EXTREMELY NOTABLY DEEPLY CLEARLY PLAINLY SURELY BARELY HARDLY MOSTLY NEARLY BIG AND IT RAN ACROSS THE FIELD
llasa1b,ap_very_t1_k16,2,control_word,t1,16,16,26,very,26,15.62,16,nan,nan,nan,nan,781,False,,nan,nan,True,16,miscount,0,THE DOG WAS QUITE REALLY TRULY FAIRLY RATHER SOMEWHAT EXTREMELY NOTABLY DEEPLY CLEARLY PLAINLY SURELY BARELY HARDLY MOSTLY NEARLY BIG AND IT RAN ACROSS THE FIELD
llasa1b,ap_very_t1_k24,0,control_word,t1,24,24,34,very,36,31.5,23,nan,nan,nan,nan,1575,False,,nan,nan,True,23,undercount,0,THE DOG WAS QUITE REALLY TRULY FAIRLY RATHER SOMEWHAT EXTREMELY NOTABLY DEEPLY CLEARLY PLAINLY SURELY FAIRLY HARDLY MOSTLY NEARLY PARTLY SIMPLY WIDELY SIMPLY WIDELY WHOLLY BADLY BOLDLY BRISKLY CALMLY BIG AND IT RAN ACROSS THE FIELD
llasa1b,ap_very_t1_k24,1,control_word,t1,24,24,34,very,34,25.5,22,nan,nan,nan,nan,1275,False,,nan,nan,True,22,undercount,0,THE DOG WAS QUITE REALLY TRULY CHAPTALE RATHER SOMEWHAT EXTREMELY NOTABLY DEEPLY CLEARLY PLAINLY SURELY BARELY HARDLY MOSTLY NEARLY PARTLY SIMPLY WIDELY WHOLLY BADLY BRISKLY CALMLY BIG AND IT RAN ACROSS THE FIELD ILD
llasa1b,ap_very_t1_k24,2,control_word,t1,24,24,34,very,32,24.96,20,nan,nan,nan,nan,1248,False,,nan,nan,True,20,undercount,0,THE DOG WAS QUITE REALLY TRULY FAIRLY RATHER SOMEWHAT EXTREMELY NOTABLY DEEPLY CLEARLY PLAINLY SURELY FAIRLY MOSTLY NEARLY PARTLY SIMPLY WIDELY WHOLLY BADLY WOLLY BRISTLY CALMLY BIG AND RAN ACROSS THE FIELD
llasa1b,ap_very_t1_k32,0,control_word,t1,32,32,42,very,42,26.58,32,nan,nan,nan,nan,1329,False,,nan,nan,True,32,miscount,0,THE DOG WAS QUITE REALLY TRULY FAIRLY RATHER SOMEWHAT EXTREMELY NOTABLY DEEPLY CLEARLY PLAINLY SURELY BARELY HARDLY MOSTLY NEARLY PARTLY SIMPLY WIDELY WHOLLY BADLY BOLDLY BRISKLY CALMLY COLDLY COOLLY CRUDELY DARKLY DEARLY DENSELY DIMLY DRYLY BIG AND IT RAN ACROSS THE FIELD
llasa1b,ap_very_t1_k32,1,control_word,t1,32,32,42,very,42,23.92,32,nan,nan,nan,nan,1196,False,,nan,nan,True,32,miscount,0,THE DOG WAS QUITE REALLY TRULY FAIRLY RATHER SOMEWHAT EXTREMELY NOTABLY DEEPLY CLEARLY PLAINLY SURELY BARELY HARDLY MOSTLY NEARLY PARTLY SIMPLY WIDELY WHOLLY BADLY BOLDLY BRISKLY CALMLY COLDLY COOLLY CRUDELY DARKLY DEARLY DENSELY DIMLY DRYLY BIG AND IT RAN ACROSS THE FIELD
llasa1b,ap_very_t1_k32,2,control_word,t1,32,32,42,very,43,32.46,31,nan,nan,nan,nan,1623,False,,nan,nan,True,31,undercount,0,THE DOG WAS QUITE REALLY TRULY FAIRLY RATHER SOMEWHAT EXTREMELY NOTABLY DEEPLY CLEARLY PLAINLY SURELY BARELY HARDLY MOSTLY NEARLY PARTLY SIMPLY WIDELY WHOLLY BADLY BOLDLY BRISKLY CALMLY COLDLY COOLLY CRUDELY DARK ARKLY DEARLY DENSELY DIMLY DRYLY BIG AND IT RAN ACROSS THE FIELD
xtts2,ap_blue_t4_k12,0,control_word,t4,12,12,19,blue,18,7.424,12,nan,nan,nan,nan,159,False,,nan,nan,True,12,miscount,0,HELIGHT WAS QUITE REALLY TRULY FAIRLY RATHER SOMEWHAT EXTREMELY NOTABLY DEEPLY CLEARLY PLAINLY SURELY BEFORE THE STORM ARRIVED
xtts2,ap_blue_t4_k12,1,control_word,t4,12,12,19,blue,19,7.285333333333333,12,nan,nan,nan,nan,156,False,,nan,nan,True,12,miscount,0,THE LIGHT WAS QUITE REALLY TRULY FAIRLY RATHER SOMEWHAT EXTREMELY NOTABLY DEEPLY CLEARLY PLAINLY SURELY BEFORE THE STORM ARRIVED
xtts2,ap_blue_t4_k12,2,control_word,t4,12,12,19,blue,18,7.754666666666667,12,nan,nan,nan,nan,166,False,,nan,nan,True,12,miscount,0,THELIGHT WAS QUITE REALLY TRULY FAIRLY RATHER SOMEWHAT EXTREMELY NOTABLY DEEPLY CLEARLY PLAINLY SURELY BEFORE THE STORM ARRIVED
xtts2,ap_blue_t4_k16,0,control_word,t4,16,16,23,blue,22,8.821333333333333,16,nan,nan,nan,nan,189,False,,nan,nan,True,16,miscount,0,THELIGHT WAS QUITE REALLY TRULY FAIRLY RATHER SOMEWHAT EXTREMELY NOTABLY DEEPLY CLEARLY PLAINLY SURELY BARELY HARDLY MOSTLY NEARLY BEFORE THE STORM ARRIVED
xtts2,ap_blue_t4_k16,1,control_word,t4,16,16,23,blue,22,9.141333333333334,16,nan,nan,nan,nan,196,False,,nan,nan,True,16,miscount,0,HELIGHT WAS QUITE REALLY TRULY FAIRLY RATHER SOMEWHAT EXTREMELY NOTABLY DEEPLY CLEARLY PLAINLY SURELY BARELY HARDLY MOSTLY NEARLY BEFORE THE STORM ARRIVED
xtts2,ap_blue_t4_k16,2,control_word,t4,16,16,23,blue,22,9.418666666666667,16,nan,nan,nan,nan,202,False,,nan,nan,True,16,miscount,0,LIGHT WAS QUITE REALLY TRULY FAIRLY RATHER SOMEWHAT EXTREMELY NOTABLY DEEPLY CLEARLY PLAINLY SURELY BARELY HARDLY MOSTLY NEARLY BEFORE THE STORM ARRIVED
xtts2,ap_blue_t4_k24,0,control_word,t4,24,24,31,blue,31,15.317333333333334,24,nan,nan,nan,nan,329,False,,nan,nan,True,24,miscount,0,HELIGHT WAS QUITE REALLY TRULY FAIRLY RATHER SOMEWHAT EXTREMELY NOTABLY DEEPLY CLEARLY PLAINLY SURELY BARELY HARDLY MOSTLY NEARLY PARTLY SIMPLY WIDELY WHOLLY BADLY BOLDLY BOLDLY BRISKLY CALMLY BEFORE THE STORM ARRIVED
xtts2,ap_blue_t4_k24,1,control_word,t4,24,24,31,blue,31,15.136,24,nan,nan,nan,nan,325,False,,nan,nan,True,24,miscount,0,HELIGHT WAS QUITE REALLY TRULY FAIRLY RATHER SOMEWHAT EXTREMELY NOTABLY DEEPLY CLEARLY PLAINLY SURELY BARELY HARDLY MOSTLY NEARLY PARTLY SIMPLY WIDELY WHOLLY BADLY BOLDLY BOLDLY BRISKLY CALMLY BEFORE THE STORM ARRIVED
xtts2,ap_blue_t4_k24,2,control_word,t4,24,24,31,blue,30,14.581333333333333,24,nan,nan,nan,nan,313,False,,nan,nan,True,24,miscount,0,LIGHT WAS QUITE REALLY TRULY FAIRLY RATHER SOMEWHAT EXTREMELY NOTABLY DEEPLY CLEARLY PLAINLY SURELY BARELY HARDLY MOSTLY NEARLY PARTLY SIMPLY WIDELY WHOLLY BADLY BOLDLY BRISKLY CALMLY BEFORE THE STORM ARRIVED
xtts2,ap_blue_t4_k32,0,control_word,t4,32,32,39,blue,27,13.930666666666667,25,nan,nan,nan,nan,299,False,,nan,nan,True,25,undercount,0,HELIGHT WAS QUITE REALLY TRULY FAIRLY RATHER SOMEWHAT EXTREMELY NOTABLY DEEPLY CLEARLY PLAINLY SURELY BARELY HARDLY MOSTLY NEARLY PARTLY SIMPLY WIDELY WHOLLY BADLY BOLDLY BRISKLY CALMLY COLDLY
xtts2,ap_blue_t4_k32,1,control_word,t4,32,32,39,blue,38,20.106666666666666,31,nan,nan,nan,nan,432,False,,nan,nan,True,31,undercount,0,HELIGHT WAS QUITE REALLY TRULY FAIRLY RATHER SOMEWHAT EXTREMELY NOTABLY DEEPLY CLEARLY PLAINLY SURELY BARELY HARDLY MOSTLY NEARLY PARTLY SIMPLY WIDELY WHOLLY BADLY BOLDLY BRISKLY CALMLY COLDLY COLDLY COOLLY DARKLY DEARLY DENSELY DIMLY DRYLY BEFORE THE STORM ARRIVED
xtts2,ap_blue_t4_k32,2,control_word,t4,32,32,39,blue,38,19.264,32,nan,nan,nan,nan,414,False,,nan,nan,True,32,miscount,0,LIGHT WAS QUITE REALLY TRULY FAIRLY RATHER SOMEWHAT EXTREMELY NOTABLY DEEPLY CLEARLY PLAINLY SURELY BARELY HARDLY MOSTLY NEARLY PARTLY SIMPLY WIDELY WHOLLY BADLY BOLDLY BRISKLY CALMLY COLDLY COOLLY CRUDELY DARKLY DEARLY DENSELY DIMLY DRYLY BEFORE THE STORM ARRIVED
xtts2,ap_far_t3_k12,0,control_word,t3,12,12,20,far,20,7.242666666666667,11,nan,nan,nan,nan,155,False,,nan,nan,True,11,undercount,0,HE WALKED QUITE REALLY TRULY FAIRLY RATHER SOMEWHAT EXTREMELY NOTABLY DEEPLY CLEARLY PLAINLY SIRELY INTO THE FOREST BEFORE TURNING BACK
xtts2,ap_far_t3_k12,1,control_word,t3,12,12,20,far,20,8.821333333333333,12,nan,nan,nan,nan,189,False,,nan,nan,True,12,miscount,0,HE WALKED QUITE REALLY TRULY FAIRLY RATHER SOMEWHAT EXTREMELY NOTABLY DEEPLY CLEARLY PLAINLY SURELY INTO THE FOREST BEFORE TURNING BACK
xtts2,ap_far_t3_k12,2,control_word,t3,12,12,20,far,20,8.629333333333333,12,nan,nan,nan,nan,185,False,,nan,nan,True,12,miscount,0,HE WALKED QUITE REALLY TRULY FAIRLY RATHER SOMEWHAT EXTREMELY NOTABLY DEEPLY CLEARLY PLAINLY SURELY INTO THE FOREST BEFORE TURNING BACK
xtts2,ap_far_t3_k16,0,control_word,t3,16,16,24,far,24,9.237333333333334,16,nan,nan,nan,nan,198,False,,nan,nan,True,16,miscount,0,HE WALKED QUITE REALLY TRULY FAIRLY RATHER SOMEWHAT EXTREMELY NOTABLY DEEPLY CLEARLY PLAINLY SURELY BARELY HARDLY MOSTLY NEARLY INTO THE FOREST BEFORE TURNING BACK
xtts2,ap_far_t3_k16,1,control_word,t3,16,16,24,far,24,10.485333333333333,16,nan,nan,nan,nan,225,False,,nan,nan,True,16,miscount,0,HE WALKED QUITE REALLY TRULY FAIRLY RATHER SOMEWHAT EXTREMELY NOTABLY DEEPLY CLEARLY PLAINLY SURELY BARELY HARDLY MOSTLY NEARLY INTO THE FOREST BEFORE TURNING BACK
xtts2,ap_far_t3_k16,2,control_word,t3,16,16,24,far,24,9.472,16,nan,nan,nan,nan,203,False,,nan,nan,True,16,miscount,0,HE WALKED QUITE REALLY TRULY FAIRLY RATHER SOMEWHAT EXTREMELY NOTABLY DEEPLY CLEARLY PLAINLY SURELY BARELY HARDLY MOSTLY NEARLY INTO THE FOREST BEFORE TURNING BACK
xtts2,ap_far_t3_k24,0,control_word,t3,24,24,32,far,32,13.877333333333333,24,nan,nan,nan,nan,298,False,,nan,nan,True,24,miscount,0,HE WALKED QUITE REALLY TRULY FAIRLY RATHER SOMEWHAT EXTREMELY NOTABLY DEEPLY CLEARLY PLAINLY SURELY BARELY HARDLY MOSTLY NEARLY PARTLY SIMPLY WIDELY WHOLLY BADLY BOLDLY BRISKLY CALMLY INTO THE FOREST BEFORE TURNING BACK
xtts2,ap_far_t3_k24,1,control_word,t3,24,24,32,far,32,15.872,24,nan,nan,nan,nan,341,False,,nan,nan,True,24,miscount,0,HE WALKED QUITE REALLY TRULY FAIRLY RATHER SOMEWHAT EXTREMELY NOTABLY DEEPLY CLEARLY PLAINLY SURELY BARELY HARDLY MOSTLY NEARLY PARTLY SIMPLY WIDELY WHOLLY BADLY BOLDLY BRISKLY CALMLY INTO THE FOREST BEFORE TURNING BACK
xtts2,ap_far_t3_k24,2,control_word,t3,24,24,32,far,32,16.298666666666666,24,nan,nan,nan,nan,350,False,,nan,nan,True,24,miscount,0,HE WALKED QUITE REALLY TRULY FAIRLY RATHER SOMEWHAT EXTREMELY NOTABLY DEEPLY CLEARLY PLAINLY SURELY BARELY HARDLY MOSTLY NEARLY PARTLY SIMPLY WIDELY WHOLLY BADLY BOLDLY BRISKLY CALMLY INTO THE FOREST BEFORE TURNING BACK
xtts2,ap_far_t3_k32,0,control_word,t3,32,32,40,far,37,27.018666666666668,28,nan,nan,nan,nan,581,False,,nan,nan,True,28,undercount,0,HE WALKED QUITE REALLY TRULY FAIRLY RATHER SOMEWHAT EXTREMELY NOTABLY DEEPLY CLEARLY PLAINLY SURELY BARELY HARDLY MOSTLY NEARLY PARTLY SIMPLY WIDELY POLLY BADLY BOLDLY BRISKLY CALMLY COLDLY BRISKLY CALMLY COLDLY DEARLY DENSELY DIMLY DRYLY INTO THE FOREST
xtts2,ap_far_t3_k32,1,control_word,t3,32,32,40,far,28,16.810666666666666,25,nan,nan,nan,nan,361,False,,nan,nan,True,25,undercount,0,HE WALKED QUITE REALLY TRULY FAIRLY RATHER SOMEWHAT EXTREMELY NOTABLY DEEPLY CLEARLY PLAINLY SURELY BARELY HARDLY MOSTLY NEARLY PARTLY SIMPLY WIDELY WHOLLY BADLY BOLDLY BRISKLY CALMLY COLDLY O
xtts2,ap_far_t3_k32,2,control_word,t3,32,32,40,far,41,21.312,32,nan,nan,nan,nan,458,False,,nan,nan,True,32,miscount,0,HE WALKED QUITE REALLY TRULY FAIRLY RATHER SOMEWHAT EXTREMELY NOTABLY DEEPLY CLEARLY PLAINLY SURELY BARELY HARDLY MOSTLY NEARLY PARTLY SIMPLY WIDELY WHOLLY BADLY BOLDLY BOLDLY BRISKLY CALMLY COLDLY COOLLY CRUDELY DARKLY DEARLY DENSELY DIMLY DRYLY INTO THE FOREST BEFORE TURNING BACK
xtts2,ap_no_t2_k12,0,control_word,t2,12,12,22,no,22,8.405333333333333,12,nan,nan,nan,nan,180,False,,nan,nan,True,12,miscount,0,SHE SAID QUITE REALLY TRULY FAIRLY RATHER SOMEWHAT EXTREMELY NOTABLY DEEPLY CLEARLY PLAINLY SURELY TO THE OFFER AND THEN LEFT THE ROOM
xtts2,ap_no_t2_k12,1,control_word,t2,12,12,22,no,22,7.328,12,nan,nan,nan,nan,157,False,,nan,nan,True,12,miscount,0,SHE SAID QUITE REALLY TRULY FAIRLY RATHER SOMEWHAT EXTREMELY NOTABLY DEEPLY CLEARLY PLAINLY SURELY TO THE OFFER AND THEN LEFT THE ROOM
xtts2,ap_no_t2_k12,2,control_word,t2,12,12,22,no,22,7.701333333333333,12,nan,nan,nan,nan,165,False,,nan,nan,True,12,miscount,0,SHE SAID QUITE REALLY TRULY FAIRLY RATHER SOMEWHAT EXTREMELY NOTABLY DEEPLY CLEARLY PLAINLY SURELY TO THE OFFER AND THEN LEFT THE ROOM
xtts2,ap_no_t2_k16,0,control_word,t2,16,16,26,no,26,10.858666666666666,16,nan,nan,nan,nan,233,False,,nan,nan,True,16,miscount,0,SHE SAID QUITE REALLY TRULY FAIRLY RATHER SOMEWHAT EXTREMELY NOTABLY DEEPLY CLEARLY PLAINLY SURELY BARELY HARDLY MOSTLY NEARLY TO THE OFFER AND THEN LEFT THE ROOM
xtts2,ap_no_t2_k16,1,control_word,t2,16,16,26,no,26,9.28,16,nan,nan,nan,nan,199,False,,nan,nan,True,16,miscount,0,SHE SAID QUITE REALLY TRULY FAIRLY RATHER SOMEWHAT EXTREMELY NOTABLY DEEPLY CLEARLY PLAINLY SURELY BARELY HARDLY MOSTLY NEARLY TO THE OFFER AND THEN LEFT THE ROOM
xtts2,ap_no_t2_k16,2,control_word,t2,16,16,26,no,26,9.610666666666667,16,nan,nan,nan,nan,206,False,,nan,nan,True,16,miscount,0,SHE SAID QUITE REALLY TRULY FAIRLY RATHER SOMEWHAT EXTREMELY NOTABLY DEEPLY CLEARLY PLAINLY SURELY BARELY HARDLY MOSTLY NEARLY TO THE OFFER AND THEN LEFT THE ROOM
xtts2,ap_no_t2_k24,0,control_word,t2,24,24,34,no,34,16.992,24,nan,nan,nan,nan,365,False,,nan,nan,True,24,miscount,0,SHE SAID QUITE REALLY TRULY FAIRLY RATHER SOMEWHAT EXTREMELY NOTABLY DEEPLY CLEARLY PLAINLY SURELY BARELY HARDLY MOSTLY NEARLY PARTLY SIMPLY WIDELY WHOLLY BADLY BOLDLY BRISKLY CALMLY TO THE OFFER AND THEN LEFT THE ROOM
xtts2,ap_no_t2_k24,1,control_word,t2,24,24,34,no,34,14.666666666666666,22,nan,nan,nan,nan,315,False,,nan,nan,True,22,undercount,0,SHE SAID QUITE REALLY TRULY FAIRLY RATHER SOMEWHAT EXTREMELY NOTABLY DEEPLY CLEARLY PLAINLY SURELY BARLY HARDLY MOSTLY NEARLY PARTLY SIMPLY WIDELY WHOLLY BADLY BOLDLY BRUSQUELY CALMLY TO THE OFFER AND THEN LEFT THE ROOM
xtts2,ap_no_t2_k24,2,control_word,t2,24,24,34,no,23,10.816,21,nan,nan,nan,nan,232,False,,nan,nan,True,21,undercount,0,SHE SAID QUITE REALLY TRULY FAIRLY RATHER SOMEWHAT EXTREMELY NOTABLY DEEPLY CLEARLY PLAINLY SURELY BARELY HARDLY MOSTLY NEARLY PARTLY SIMPLY WIDELY WHOLLY BADLY
xtts2,ap_no_t2_k32,0,control_word,t2,32,32,42,no,31,17.130666666666666,28,nan,nan,nan,nan,368,False,,nan,nan,True,28,undercount,0,SHE SAID QUITE REALLY TRULY FAIRLY RATHER SOMEWHAT EXTREMELY NOTABLY DEEPLY CLEARLY PLAINLY SURELY BARELY HARDLY MOSTLY NEARLY PARTLY SIMPLY WIDELY WHOLLY BADLY BOLDLY BRISKLY CALMLY COLDLY COOLLY CRUDELY DERICTLY DEARLY
xtts2,ap_no_t2_k32,1,control_word,t2,32,32,42,no,27,12.906666666666666,25,nan,nan,nan,nan,277,False,,nan,nan,True,25,undercount,0,SHE SAID QUITE REALLY TRULY FAIRLY RATHER SOMEWHAT EXTREMELY NOTABLY DEEPLY CLEARLY PLAINLY SURELY BARELY HARDLY MOSTLY NEARLY PARTLY SIMPLY WIDELY WHOLLY BADLY BOLDLY BRISKLY CALMLY COLDLY
xtts2,ap_no_t2_k32,2,control_word,t2,32,32,42,no,27,13.557333333333334,25,nan,nan,nan,nan,291,False,,nan,nan,True,25,undercount,0,SHE SAID QUITE REALLY TRULY FAIRLY RATHER SOMEWHAT EXTREMELY NOTABLY DEEPLY CLEARLY PLAINLY SURELY BARELY HARDLY MOSTLY NEARLY PARTLY SIMPLY WIDELY WHOLLY BADLY BOLDLY BRISKLY CALMLY COLDLY
xtts2,ap_quick_t5_k12,0,control_word,t5,12,12,19,quick,19,6.8693333333333335,12,nan,nan,nan,nan,147,False,,nan,nan,True,12,miscount,0,THE RUNNER MOVED QUITE REALLY TRULY FAIRLY RATHER SOMEWHAT EXTREMELY NOTABLY DEEPLY CLEARLY PLAINLY SURELY ALONG THE NARROW PATH
xtts2,ap_quick_t5_k12,1,control_word,t5,12,12,19,quick,18,7.189333333333333,10,nan,nan,nan,nan,154,False,,nan,nan,True,10,undercount,0,THE RUNNER MOVED QUITE REALLY TRULY FAIRLY RATHER SOMEWHAT EXTREMELY NOTABLY DEEPLY CLEANLY SURELY ALONG THE NARROW PATH
xtts2,ap_quick_t5_k12,2,control_word,t5,12,12,19,quick,19,8.629333333333333,12,nan,nan,nan,nan,185,False,,nan,nan,True,12,miscount,0,THE RUNNER MOVED QUITE REALLY TRULY FAIRLY RATHER SOMEWHAT EXTREMELY NOTABLY DEEPLY CLEARLY PLAINLY SURELY ALONG THE NARROW PATH
xtts2,ap_quick_t5_k16,0,control_word,t5,16,16,23,quick,23,8.309333333333333,15,nan,nan,nan,nan,178,False,,nan,nan,True,15,undercount,0,THE RUNNER MOVED QUITE REALLY TRULY FAIRLY RATHER SOMEWHAT EXTREMELY NOTABLY DEEPLY CLEARLY PLAINLY SHIRLY BARELY HARDLY MOSTLY NEARLY ALONG THE NARROW PATH
xtts2,ap_quick_t5_k16,1,control_word,t5,16,16,23,quick,22,9.930666666666667,14,nan,nan,nan,nan,213,False,,nan,nan,True,14,undercount,0,THE RUNNER MOVED QUITE REALLY TRULY FAIRLY RATHER SOMEWHAT EXTREMELY NOTABLY DEEPLY CLEANLY SURELY BARELY HARDLY MOSTLY NEARLY ALONG THE NARROW PATH
xtts2,ap_quick_t5_k16,2,control_word,t5,16,16,23,quick,23,10.677333333333333,16,nan,nan,nan,nan,229,False,,nan,nan,True,16,miscount,0,THE RUNNER MOVED QUITE REALLY TRULY FAIRLY RATHER SOMEWHAT EXTREMELY NOTABLY DEEPLY CLEARLY PLAINLY SURELY BARELY HARDLY MOSTLY NEARLY ALONG THE NARROW PATH
xtts2,ap_quick_t5_k24,0,control_word,t5,24,24,31,quick,32,16.021333333333335,24,nan,nan,nan,nan,344,False,,nan,nan,True,24,miscount,0,THE RUNNER MOVED QUITE REALLY TRULY FAIRLY RATHER SOMEWHAT EXTREMELY NOTABLY DEEPLY CLEARLY PLAINLY SURELY BARELY HARDLY MOSTLY NEARLY PARTLY SIMPLY WIDELY WHOLLY BADLY BOLDLY BOLDLY BRISKLY CALMLY ALONG THE NARROW PATH
xtts2,ap_quick_t5_k24,1,control_word,t5,24,24,31,quick,29,13.184,22,nan,nan,nan,nan,283,False,,nan,nan,True,22,undercount,0,THE RUNNER MOVED QUITE REALLY TRULY FAIRLY RATHER SOMEWHAT EXTREMELY NOTABLY DEEPLY CLEARLY PLAINLY SURELY BARELY HARDLY MOSTLY NEARLY PARTLY SIMPLY WIDELY BOLDLY BRISKLY CALMLY ALONG THE NARROW PATH
xtts2,ap_quick_t5_k24,2,control_word,t5,24,24,31,quick,31,13.877333333333333,23,nan,nan,nan,nan,298,False,,nan,nan,True,23,undercount,0,THE RUNNER MOVED QUITE REALLY TRULY FAIRLY RATHER SOMEWHAT EXTREMELY NOTABLY DEEPLY CLEARLY PLAINLY SURELY BARELY HARDLY MOSTLY NEARLY PARTLY SIMPLY WIDELY WHOLLY BADLY BOLDLY BRISQLY CALMLY ALONG THE NARROW PATH
xtts2,ap_quick_t5_k32,0,control_word,t5,32,32,39,quick,39,19.456,32,nan,nan,nan,nan,418,False,,nan,nan,True,32,miscount,0,THE RUNNER MOVED QUITE REALLY TRULY FAIRLY RATHER SOMEWHAT EXTREMELY NOTABLY DEEPLY CLEARLY PLAINLY SURELY BARELY HARDLY MOSTLY NEARLY PARTLY SIMPLY WIDELY WHOLLY BADLY BOLDLY BRISKLY CALMLY COLDLY COOLLY CRUDELY DARKLY DEARLY DENSELY DIMLY DRYLY ALONG THE NARROW PATH
xtts2,ap_quick_t5_k32,1,control_word,t5,32,32,39,quick,38,18.570666666666668,30,nan,nan,nan,nan,399,False,,nan,nan,True,30,undercount,0,THE RUNNER MOVED QUITE REALLY TRULY FAIRLY RATHER SOMEWHAT EXTREMELY NOTABLY DEEPLY CLEARLY PLAINLY SURELY BARELY HARDLY MOSTLY NEARLY PARTLY SIMPLY WIDELY WHOLLY BADLY BOLDLY BRISKLY CALMLY COLDLY COOLLY COOLLY DEARLY DENSELY DIMLY DRYLY ALONG THE NARROW PATH
xtts2,ap_quick_t5_k32,2,control_word,t5,32,32,39,quick,39,22.197333333333333,31,nan,nan,nan,nan,477,False,,nan,nan,True,31,undercount,0,THE RUNNER MOVED QUITE REALLY TRULY FAIRLY RATHER SOMEWHAT EXTREMELY NOTABLY DEEPLY CLEARLY PLAINLY SURELY BARELY HARDLY MOSTLY NEARLY PARTLY SIMPLY WIDELY WHOLLY BADLY BOLDLY BRISKLY CALMLY COLDLY COLDLY CRUDELY DARKLY DEARLY DENSELY DIMLY DRYLY ALONG THE NARROW PATH
xtts2,ap_really_t6_k12,0,control_word,t6,12,12,19,really,19,8.309333333333333,12,nan,nan,nan,nan,178,False,,nan,nan,True,12,miscount,0,THEY WERE QUITE TRULY FAIRLY RATHER SOMEWHAT EXTREMELY NOTABLY DEEPLY CLEARLY PLAINLY SURELY BARELY TIRED AFTER THE LONG JOURNEY
xtts2,ap_really_t6_k12,1,control_word,t6,12,12,19,really,19,7.328,12,nan,nan,nan,nan,157,False,,nan,nan,True,12,miscount,0,THEY WERE QUITE TRULY FAIRLY RATHER SOMEWHAT EXTREMELY NOTABLY DEEPLY CLEARLY PLAINLY SURELY BARELY TIRED AFTER THE LONG JOURNEY
xtts2,ap_really_t6_k12,2,control_word,t6,12,12,19,really,19,7.381333333333333,11,nan,nan,nan,nan,158,False,,nan,nan,True,11,undercount,0,THEY WERE QUITE TRULY FAIRLY RATHER SOMEWHAT EXTREMELY NOTABLY DEEPLY CLEARLY PLAINLY SIRLEY BARELY TIRED AFTER THE LONG JOURNEY
xtts2,ap_really_t6_k16,0,control_word,t6,16,16,23,really,23,9.418666666666667,16,nan,nan,nan,nan,202,False,,nan,nan,True,16,miscount,0,THEY WERE QUITE TRULY FAIRLY RATHER SOMEWHAT EXTREMELY NOTABLY DEEPLY CLEARLY PLAINLY SURELY BARELY HARDLY MOSTLY NEARLY PARTLY TIRED AFTER THE LONG JOURNEY
xtts2,ap_really_t6_k16,1,control_word,t6,16,16,23,really,23,9.418666666666667,16,nan,nan,nan,nan,202,False,,nan,nan,True,16,miscount,0,THEY WERE QUITE TRULY FAIRLY RATHER SOMEWHAT EXTREMELY NOTABLY DEEPLY CLEARLY PLAINLY SURELY BARELY HARDLY MOSTLY NEARLY PARTLY TIRED AFTER THE LONG JOURNEY
xtts2,ap_really_t6_k16,2,control_word,t6,16,16,23,really,23,8.96,16,nan,nan,nan,nan,192,False,,nan,nan,True,16,miscount,0,THEY WERE QUITE TRULY FAIRLY RATHER SOMEWHAT EXTREMELY NOTABLY DEEPLY CLEARLY PLAINLY SURELY BARELY HARDLY MOSTLY NEARLY PARTLY TIRED AFTER THE LONG JOURNEY
xtts2,ap_really_t6_k24,0,control_word,t6,24,24,31,really,15,6.176,13,nan,nan,nan,nan,132,False,,nan,nan,True,13,undercount,0,THEY WERE QUITE TRULY FAIRLY RATHER SOMEWHAT EXTREMELY NOTABLY DEEPLY CLEARLY PLAINLY SURELY BARELY HARDLY
xtts2,ap_really_t6_k24,1,control_word,t6,24,24,31,really,32,17.365333333333332,23,nan,nan,nan,nan,373,False,,nan,nan,True,23,undercount,0,THEY WERE QUITE TRULY FAIRLY RATHER SOMEWHAT EXTREMELY NOTABLY DEEPLY CLEARLY PLAINLY SURELY BARELY HARDLY MOSTLY NEARLY PARTLY SIMPLY WIDELY BADLY POLLY BADLY BOLDLY BRISKLY CALMLY COLDLY TIRED AFTER THE LONG JOURNEY
xtts2,ap_really_t6_k24,2,control_word,t6,24,24,31,really,19,8.490666666666666,17,nan,nan,nan,nan,182,False,,nan,nan,True,17,undercount,0,THEY WERE QUITE TRULY FAIRLY RATHER SOMEWHAT EXTREMELY NOTABLY DEEPLY CLEARLY PLAINLY SURELY BARELY HARDLY MOSTLY NEARLY PARTLY SIMPLY
xtts2,ap_really_t6_k32,0,control_word,t6,32,32,39,really,39,21.589333333333332,30,nan,nan,nan,nan,464,False,,nan,nan,True,30,undercount,0,THEY WERE QUITE TRULY FAIRLY RATHER SOMEWHAT EXTREMELY NOTABLY DEEPLY CLEARLY PLAINLY SURELY BARELY HARDLY MOSTLY NEARLY PARTLY SIMPLY WIDELY WHOLLY BADLY BOLDLY BADLY BOLDLY BRISKLY CALMLY COLDLY COOLLY CRUDELY DARKLY DEARLY DENSELY DIMLY DRY AFTER THE LONG JOURNEY
xtts2,ap_really_t6_k32,1,control_word,t6,32,32,39,really,39,20.426666666666666,32,nan,nan,nan,nan,439,False,,nan,nan,True,32,miscount,0,THEY WERE QUITE TRULY FAIRLY RATHER SOMEWHAT EXTREMELY NOTABLY DEEPLY CLEARLY PLAINLY SURELY BARELY HARDLY MOSTLY NEARLY PARTLY SIMPLY WIDELY WHOLLY BADLY BOLDLY BRISKLY CALMLY COLDLY COOLLY CRUDELY DARKLY DEARLY DENSELY DIMLY DRYLY DULLY TIRED AFTER THE LONG JOURNEY
xtts2,ap_really_t6_k32,2,control_word,t6,32,32,39,really,39,18.709333333333333,30,nan,nan,nan,nan,402,False,,nan,nan,True,30,undercount,0,THEY WERE QUITE TRULY FAIRLY RATHER SOMEWHAT EXTREMELY NOTABLY DEEPLY CLEARLY PLAINLY SURELY BARELY HARDLY MOSTLY NEARLY PARTLY SIMPLY WIDELY WHOLLY BADLY BOLDLY BRISKLY CALMLY COLDLY COOLLY COLDLY DARKLY DEARLY DENSELY DIMLY DRYLY DEUBTLY TIRED AFTER THE LONG JOURNEY
xtts2,ap_very_t1_k12,0,control_word,t1,12,12,22,very,22,8.032,12,nan,nan,nan,nan,172,False,,nan,nan,True,12,miscount,0,THE DOG WAS QUITE REALLY TRULY FAIRLY RATHER SOMEWHAT EXTREMELY NOTABLY DEEPLY CLEARLY PLAINLY SURELY BIG AND IT RAN ACROSS THE FIELD
xtts2,ap_very_t1_k12,1,control_word,t1,12,12,22,very,22,8.256,12,nan,nan,nan,nan,177,False,,nan,nan,True,12,miscount,0,THE DOG WAS QUITE REALLY TRULY FAIRLY RATHER SOMEWHAT EXTREMELY NOTABLY DEEPLY CLEARLY PLAINLY SURELY BIG AND IT RAN ACROSS THE FIELD
xtts2,ap_very_t1_k12,2,control_word,t1,12,12,22,very,22,7.84,12,nan,nan,nan,nan,168,False,,nan,nan,True,12,miscount,0,THE DOG WAS QUITE REALLY TRULY FAIRLY RATHER SOMEWHAT EXTREMELY NOTABLY DEEPLY CLEARLY PLAINLY SURELY BIG AND IT RAN ACROSS THE FIELD
xtts2,ap_very_t1_k16,0,control_word,t1,16,16,26,very,26,10.165333333333333,16,nan,nan,nan,nan,218,False,,nan,nan,True,16,miscount,0,THE DOG WAS QUITE REALLY TRULY FAIRLY RATHER SOMEWHAT EXTREMELY NOTABLY DEEPLY CLEARLY PLAINLY SURELY BARELY HARDLY MOSTLY NEARLY BIG AND IT RAN ACROSS THE FIELD
xtts2,ap_very_t1_k16,1,control_word,t1,16,16,26,very,26,9.376,16,nan,nan,nan,nan,201,False,,nan,nan,True,16,miscount,0,THE DOG WAS QUITE REALLY TRULY FAIRLY RATHER SOMEWHAT EXTREMELY NOTABLY DEEPLY CLEARLY PLAINLY SURELY BARELY HARDLY MOSTLY NEARLY BIG AND IT RAN ACROSS THE FIELD
xtts2,ap_very_t1_k16,2,control_word,t1,16,16,26,very,26,9.696,16,nan,nan,nan,nan,208,False,,nan,nan,True,16,miscount,0,THE DOG WAS QUITE REALLY TRULY FAIRLY RATHER SOMEWHAT EXTREMELY NOTABLY DEEPLY CLEARLY PLAINLY SURELY BARELY HARDLY MOSTLY NEARLY BIG AND IT RAN ACROSS THE FIELD
xtts2,ap_very_t1_k24,0,control_word,t1,24,24,34,very,34,14.154666666666667,23,nan,nan,nan,nan,304,False,,nan,nan,True,23,undercount,0,THE DOG WAS QUITE REALLY TRULY FAIRLY RATHER SOMEWHAT EXTREMELY NOTABLY DEEPLY CLEARLY PLAINLY SURELY BARELY HARDLY MOSTLY NEARLY PARTLY SIMPLY WIDELY WHOLLY BADLY BOLDLY BISQULY CALMLY BIG AND IT RAN ACROSS THE FIELD
xtts2,ap_very_t1_k24,1,control_word,t1,24,24,34,very,34,14.762666666666666,24,nan,nan,nan,nan,317,False,,nan,nan,True,24,miscount,0,THE DOG WAS QUITE REALLY TRULY FAIRLY RATHER SOMEWHAT EXTREMELY NOTABLY DEEPLY CLEARLY PLAINLY SURELY BARELY HARDLY MOSTLY NEARLY PARTLY SIMPLY WIDELY WHOLLY BADLY BOLDLY BRISKLY CALMLY BIG AND IT RAN ACROSS THE FIELD
xtts2,ap_very_t1_k24,2,control_word,t1,24,24,34,very,34,17.504,24,nan,nan,nan,nan,376,False,,nan,nan,True,24,miscount,0,THE DOG WAS QUITE REALLY TRULY FAIRLY RATHER SOMEWHAT EXTREMELY NOTABLY DEEPLY CLEARLY PLAINLY SURELY BARELY HARDLY MOSTLY NEARLY PARTLY SIMPLY WIDELY WHOLLY BADLY BOLDLY BRISKLY CALMLY BIG AND IT RAN ACROSS THE FIELD
xtts2,ap_very_t1_k32,0,control_word,t1,32,32,42,very,40,19.04,29,nan,nan,nan,nan,409,False,,nan,nan,True,29,undercount,0,THE DOG WAS QUITE REALLY TRULY FAIRLY RATHER SOMEWHAT EXTREMELY NOTABLY DEEPLY CLEARLY PLAINLY SURELY BARELY HARDLY MOSTLY NEARLY PARTLY SIMPLY WIDELY WHOLLY BADLY BOLDLY BUSKLY CALMLY COLDLY COOLLY COLDLY DEARLY DENSELY DIMLY DRYLY BIG IT RAN ACROSS THE FIELD
xtts2,ap_very_t1_k32,1,control_word,t1,32,32,42,very,41,19.637333333333334,28,nan,nan,nan,nan,422,False,,nan,nan,True,28,undercount,0,THE DOG WAS QUITE REALLY TRULY FAIRLY RATHER SOMEWHAT EXTREMELY NOTABLY DEEPLY CLEARLY PLAINLY SURELY BARELY HARDLY MOSTLY NEARLY PARTLY SIMPLY WIDELY BOLDLY BADLY BOLDLY BRISKLY CALMLY COLDLY COODLY DARKLY NEARLY DENSELY DIMLY DRYLY BIG AND IT RAN ACROSS THE FIELD
xtts2,ap_very_t1_k32,2,control_word,t1,32,32,42,very,32,24.512,25,nan,nan,nan,nan,527,False,,nan,nan,True,25,undercount,0,THE DOG WAS QUITE REALLY TRULY FAIRLY RATHER SOMEWHAT EXTREMELY NOTABLY DEEPLY CLEARLY PLAINLY SURELY BARLY HARDLY MOSTLY NEARLY PARTLY SIMPLY WIDELY HOLY BADLY BOLDLY BRISKLY CALMLY COLDLY COODLY DARKLY DEARLY DENSE
qwen06b,ap_blue_t4_k12,0,control_word,t4,12,12,19,blue,19,8.24,12,nan,nan,nan,nan,103,False,,nan,nan,True,12,miscount,0,THE LIGHT WAS QUITE REALLY TRULY FAIRLY RATHER SOMEWHAT EXTREMELY NOTABLY DEEPLY CLEARLY PLAINLY SURELY BEFORE THE STORM ARRIVED
qwen06b,ap_blue_t4_k12,1,control_word,t4,12,12,19,blue,19,10.0,12,nan,nan,nan,nan,125,False,,nan,nan,True,12,miscount,0,THE LIGHT WAS QUITE REALLY TRULY FAIRLY RATHER SOMEWHAT EXTREMELY NOTABLY DEEPLY CLEARLY PLAINLY SURELY BEFORE THE STORM ARRIVED
qwen06b,ap_blue_t4_k12,2,control_word,t4,12,12,19,blue,19,8.96,12,nan,nan,nan,nan,112,False,,nan,nan,True,12,miscount,0,THE LIGHT WAS QUITE REALLY TRULY FAIRLY RATHER SOMEWHAT EXTREMELY NOTABLY DEEPLY CLEARLY PLAINLY SURELY BEFORE THE STORM ARRIVED
qwen06b,ap_blue_t4_k16,0,control_word,t4,16,16,23,blue,23,10.56,16,nan,nan,nan,nan,132,False,,nan,nan,True,16,miscount,0,THE LIGHT WAS QUITE REALLY TRULY FAIRLY RATHER SOMEWHAT EXTREMELY NOTABLY DEEPLY CLEARLY PLAINLY SURELY BARELY HARDLY MOSTLY NEARLY BEFORE THE STORM ARRIVED
qwen06b,ap_blue_t4_k16,1,control_word,t4,16,16,23,blue,23,10.88,16,nan,nan,nan,nan,136,False,,nan,nan,True,16,miscount,0,THE LIGHT WAS QUITE REALLY TRULY FAIRLY RATHER SOMEWHAT EXTREMELY NOTABLY DEEPLY CLEARLY PLAINLY SURELY BARELY HARDLY MOSTLY NEARLY BEFORE THE STORM ARRIVED
qwen06b,ap_blue_t4_k16,2,control_word,t4,16,16,23,blue,23,12.16,16,nan,nan,nan,nan,152,False,,nan,nan,True,16,miscount,0,THE LIGHT WAS QUITE REALLY TRULY FAIRLY RATHER SOMEWHAT EXTREMELY NOTABLY DEEPLY CLEARLY PLAINLY SURELY BARELY HARDLY MOSTLY NEARLY BEFORE THE STORM ARRIVED
qwen06b,ap_blue_t4_k24,0,control_word,t4,24,24,31,blue,31,14.08,24,nan,nan,nan,nan,176,False,,nan,nan,True,24,miscount,0,THE LIGHT WAS QUITE REALLY TRULY FAIRLY RATHER SOMEWHAT EXTREMELY NOTABLY DEEPLY CLEARLY PLAINLY SURELY BARELY HARDLY MOSTLY NEARLY PARTLY SIMPLY WIDELY WHOLLY BADLY BOLDLY BRISKLY CALMLY BEFORE THE STORM A
qwen06b,ap_blue_t4_k24,1,control_word,t4,24,24,31,blue,31,14.56,24,nan,nan,nan,nan,182,False,,nan,nan,True,24,miscount,0,THE LIGHT WAS QUITE REALLY TRULY FAIRLY RATHER SOMEWHAT EXTREMELY NOTABLY DEEPLY CLEARLY PLAINLY SURELY BARELY HARDLY MOSTLY NEARLY PARTLY SIMPLY WIDELY WHOLLY BADLY BOLDLY BRISKLY CALMLY BEFORE THE STORM ARRIVED
qwen06b,ap_blue_t4_k24,2,control_word,t4,24,24,31,blue,31,15.04,24,nan,nan,nan,nan,188,False,,nan,nan,True,24,miscount,0,THE LIGHT WAS QUITE REALLY TRULY FAIRLY RATHER SOMEWHAT EXTREMELY NOTABLY DEEPLY CLEARLY PLAINLY SURELY BARELY HARDLY MOSTLY NEARLY PARTLY SIMPLY WIDELY WHOLLY BADLY BOLDLY BRISKLY CALMLY BEFORE THE STORM ARRIVED
qwen06b,ap_blue_t4_k32,0,control_word,t4,32,32,39,blue,39,18.0,31,nan,nan,nan,nan,225,False,,nan,nan,True,31,undercount,0,THE LIGHT WAS QUITE REALLY TRULY FAIRLY RATHER SOMEWHAT EXTREMELY NOTABLY DEEPLY CLEARLY PLAINLY SURELY BARELY HARDLY MOSTLY NEARLY PARTLY SIMPLY WIDELY WHOLLY BADLY BOLDLY BRISKLY CALMLY COLDLY CRUDELY CRUDELY DARKLY DEARLY DENSELY DIMLY DRYLY BEFORE THE STORM ARRIVED
qwen06b,ap_blue_t4_k32,1,control_word,t4,32,32,39,blue,39,20.72,32,nan,nan,nan,nan,259,False,,nan,nan,True,32,miscount,0,THE LIGHT WAS QUITE REALLY TRULY FAIRLY RATHER SOMEWHAT EXTREMELY NOTABLY DEEPLY CLEARLY PLAINLY SURELY BARELY HARDLY MOSTLY NEARLY PARTLY SIMPLY WIDELY WHOLLY BADLY BOLDLY BRISKLY CALMLY COLDLY COOLLY CRUDELY DROLLLY DARKLY DEARLY DENSELY DIMLY DRYLY BEFORE THE STORM
qwen06b,ap_blue_t4_k32,2,control_word,t4,32,32,39,blue,39,20.32,32,nan,nan,nan,nan,254,False,,nan,nan,True,32,miscount,0,THE LIGHT WAS QUITE REALLY TRULY FAIRLY RATHER SOMEWHAT EXTREMELY NOTABLY DEEPLY CLEARLY PLAINLY SURELY BARELY HARDLY MOSTLY NEARLY PARTLY SIMPLY WIDELY WHOLLY BADLY BOLDLY BRISKLY CALMLY COLDLY COOLLY CRUDELY DARKLY DEARLY DENSELY DIMLY DRYLY BEFORE THE STORM ARRIVED
qwen06b,ap_far_t3_k12,0,control_word,t3,12,12,20,far,20,8.72,12,nan,nan,nan,nan,109,False,,nan,nan,True,12,miscount,0,HE WALKED QUITE REALLY TRULY FAIRLY RATHER SOMEWHAT EXTREMELY NOTABLY DEEPLY CLEARLY PLAINLY SURELY INTO THE FOREST BEFORE TURNING BACK
qwen06b,ap_far_t3_k12,1,control_word,t3,12,12,20,far,20,9.36,12,nan,nan,nan,nan,117,False,,nan,nan,True,12,miscount,0,HE WALKED QUITE REALLY TRULY FAIRLY RATHER SOMEWHAT EXTREMELY NOTABLY DEEPLY CLEARLY PLAINLY SURELY INTO THE FOREST BEFORE TURNING BACK
qwen06b,ap_far_t3_k12,2,control_word,t3,12,12,20,far,20,9.36,12,nan,nan,nan,nan,117,False,,nan,nan,True,12,miscount,0,HE WALKED QUITE REALLY TRULY FAIRLY RATHER SOMEWHAT EXTREMELY NOTABLY DEEPLY CLEARLY PLAINLY SURELY INTO THE FOREST BEFORE TURNING BACK
qwen06b,ap_far_t3_k16,0,control_word,t3,16,16,24,far,24,12.24,16,nan,nan,nan,nan,153,False,,nan,nan,True,16,miscount,0,HE WALKED QUITE REALLY TRULY FAIRLY RATHER SOMEWHAT EXTREMELY NOTABLY DEEPLY CLEARLY PLAINLY SURELY BARELY HARDLY MOSTLY NEARLY INTO THE FOREST BEFORE TURNING BACK
qwen06b,ap_far_t3_k16,1,control_word,t3,16,16,24,far,24,12.4,16,nan,nan,nan,nan,155,False,,nan,nan,True,16,miscount,0,HE WALKED QUITE REALLY TRULY FAIRLY RATHER SOMEWHAT EXTREMELY NOTABLY DEEPLY CLEARLY PLAINLY SURELY BARELY HARDLY MOSTLY NEARLY INTO THE FOREST BEFORE TURNING BACK
qwen06b,ap_far_t3_k16,2,control_word,t3,16,16,24,far,24,12.48,16,nan,nan,nan,nan,156,False,,nan,nan,True,16,miscount,0,HE WALKED QUITE REALLY TRULY FAIRLY RATHER SOMEWHAT EXTREMELY NOTABLY DEEPLY CLEARLY PLAINLY SURELY BARELY HARDLY MOSTLY NEARLY INTO THE FOREST BEFORE TURNING BACK
qwen06b,ap_far_t3_k24,0,control_word,t3,24,24,32,far,31,14.08,24,nan,nan,nan,nan,176,False,,nan,nan,True,24,miscount,0,HE WALKED QUITE REALLY TRULY FAIRLY RATHER SOMEWHAT EXTREMELY NOTABLY DEEPLY CLEARLY PLAINLY SURELY BARELY HARDLY MOSTLY NEARLY PARTLY SIMPLY WIDELY WHOLLY BADLY BOLDLY BRISKLY CALMLY INTO THE FOREST BEFORE TURNING
qwen06b,ap_far_t3_k24,1,control_word,t3,24,24,32,far,32,14.08,24,nan,nan,nan,nan,176,False,,nan,nan,True,24,miscount,0,HE WALKED QUITE REALLY TRULY FAIRLY RATHER SOMEWHAT EXTREMELY NOTABLY DEEPLY CLEARLY PLAINLY SURELY BARELY HARDLY MOSTLY NEARLY PARTLY SIMPLY WIDELY WHOLLY BADLY BOLDLY BRISKLY CALMLY INTO THE FOREST BEFORE TURNING BACK
qwen06b,ap_far_t3_k24,2,control_word,t3,24,24,32,far,32,14.64,24,nan,nan,nan,nan,183,False,,nan,nan,True,24,miscount,0,HE WALKED QUITE REALLY TRULY FAIRLY RATHER SOMEWHAT EXTREMELY NOTABLY DEEPLY CLEARLY PLAINLY SURELY BARELY HARDLY MOSTLY NEARLY PARTLY SIMPLY WIDELY WHOLLY BADLY BOLDLY BRISKLY CALMLY INTO THE FOREST BEFORE TURNING BACK
qwen06b,ap_far_t3_k32,0,control_word,t3,32,32,40,far,40,18.64,32,nan,nan,nan,nan,233,False,,nan,nan,True,32,miscount,0,HE WALKED QUITE REALLY TRULY FAIRLY RATHER SOMEWHAT EXTREMELY NOTABLY DEEPLY CLEARLY PLAINLY SURELY BARELY HARDLY MOSTLY NEARLY PARTLY SIMPLY WIDELY WHOLLY BADLY BOLDLY BRISKLY CALMLY COLDLY COOLLY CRUDELY DARKLY DEARLY DENSELY DIMLY DRYLY INTO THE FOREST BEFORE TURNING BACK
qwen06b,ap_far_t3_k32,1,control_word,t3,32,32,40,far,40,20.48,31,nan,nan,nan,nan,256,False,,nan,nan,True,31,undercount,0,HE WALKED QUITE REALLY TRULY FAIRLY RATHER SOMEWHAT EXTREMELY NOTABLY DEEPLY CLEARLY PLAINLY SURELY BARELY HARDLY MOSTLY NEARLY PARTLY SIMPLY WIDELY WHOLLY BADLY BOLDLY BRISKLY CALMLY COLDLY CRUDELY CRUDELY DARKLY DEARLY DENSELY DIMLY DRYLY INTO THE FOREST BEFORE TURNING BACK
qwen06b,ap_far_t3_k32,2,control_word,t3,32,32,40,far,40,22.08,32,nan,nan,nan,nan,276,False,,nan,nan,True,32,miscount,0,HE WALKED QUITE REALLY TRULY FAIRLY RATHER SOMEWHAT EXTREMELY NOTABLY DEEPLY CLEARLY PLAINLY SURELY BARELY HARDLY MOSTLY NEARLY PARTLY SIMPLY WIDELY WHOLLY BADLY BOLDLY BRISKLY CALMLY COLDLY COOLLY CRUDELY DARKLY DEARLY DENSELY DIMLY DRYLY INTO THE FOREST BEFORE TURNING BACK
qwen06b,ap_no_t2_k12,0,control_word,t2,12,12,22,no,22,9.44,12,nan,nan,nan,nan,118,False,,nan,nan,True,12,miscount,0,SHE SAID QUITE REALLY TRULY FAIRLY RATHER SOMEWHAT EXTREMELY NOTABLY DEEPLY CLEARLY PLAINLY SURELY TO THE OFFER AND THEN LEFT THE ROOM
qwen06b,ap_no_t2_k12,1,control_word,t2,12,12,22,no,22,9.92,12,nan,nan,nan,nan,124,False,,nan,nan,True,12,miscount,0,SHE SAID QUITE REALLY TRULY FAIRLY RATHER SOMEWHAT EXTREMELY NOTABLY DEEPLY CLEARLY PLAINLY SURELY TO THE OFFER AND THEN LEFT THE ROOM
qwen06b,ap_no_t2_k12,2,control_word,t2,12,12,22,no,22,9.6,12,nan,nan,nan,nan,120,False,,nan,nan,True,12,miscount,0,SHE SAID QUITE REALLY TRULY FAIRLY RATHER SOMEWHAT EXTREMELY NOTABLY DEEPLY CLEARLY PLAINLY SURELY TO THE OFFER AND THEN LEFT THE ROOM
qwen06b,ap_no_t2_k16,0,control_word,t2,16,16,26,no,26,11.2,16,nan,nan,nan,nan,140,False,,nan,nan,True,16,miscount,0,SHE SAID QUITE REALLY TRULY FAIRLY RATHER SOMEWHAT EXTREMELY NOTABLY DEEPLY CLEARLY PLAINLY SURELY BARELY HARDLY MOSTLY NEARLY TO THE OFFER AND THEN LEFT THE ROOM
qwen06b,ap_no_t2_k16,1,control_word,t2,16,16,26,no,26,12.08,16,nan,nan,nan,nan,151,False,,nan,nan,True,16,miscount,0,SHE SAID QUITE REALLY TRULY FAIRLY RATHER SOMEWHAT EXTREMELY NOTABLY DEEPLY CLEARLY PLAINLY SURELY BARELY HARDLY MOSTLY NEARLY TO THE OFFER AND THEN LEFT THE ROOM
qwen06b,ap_no_t2_k16,2,control_word,t2,16,16,26,no,26,13.04,16,nan,nan,nan,nan,163,False,,nan,nan,True,16,miscount,0,SHE SAID QUITE REALLY TRULY FAIRLY RATHER SOMEWHAT EXTREMELY NOTABLY DEEPLY CLEARLY PLAINLY SURELY BARELY HARDLY MOSTLY NEARLY TO THE OFFER AND THEN LEFT THE ROOM
qwen06b,ap_no_t2_k24,0,control_word,t2,24,24,34,no,34,14.64,24,nan,nan,nan,nan,183,False,,nan,nan,True,24,miscount,0,SHE SAID QUITE REALLY TRULY FAIRLY RATHER SOMEWHAT EXTREMELY NOTABLY DEEPLY CLEARLY PLAINLY SURELY BARELY HARDLY MOSTLY NEARLY PARTLY SIMPLY WIDELY WHOLLY BADLY BOLDLY BRISKLY CALMLY TO THE OFFER AND THEN LEFT THE ROOM
qwen06b,ap_no_t2_k24,1,control_word,t2,24,24,34,no,34,15.04,24,nan,nan,nan,nan,188,False,,nan,nan,True,24,miscount,0,SHE SAID QUITE REALLY TRULY FAIRLY RATHER SOMEWHAT EXTREMELY NOTABLY DEEPLY CLEARLY PLAINLY SURELY BARELY HARDLY MOSTLY NEARLY PARTLY SIMPLY WIDELY WHOLLY BADLY BOLDLY BRISKLY CALMLY TO THE OFFER AND THEN LEFT THE ROOM
qwen06b,ap_no_t2_k24,2,control_word,t2,24,24,34,no,34,14.08,24,nan,nan,nan,nan,176,False,,nan,nan,True,24,miscount,0,SHE SAID QUITE REALLY TRULY FAIRLY RATHER SOMEWHAT EXTREMELY NOTABLY DEEPLY CLEARLY PLAINLY SURELY BARELY HARDLY MOSTLY NEARLY PARTLY SIMPLY WIDELY WHOLLY BADLY BOLDLY BRISKLY CALMLY TO THE OFFER AND THEN LEFT THE ROOM
qwen06b,ap_no_t2_k32,0,control_word,t2,32,32,42,no,42,19.68,32,nan,nan,nan,nan,246,False,,nan,nan,True,32,miscount,0,SHE SAID QUITE REALLY TRULY FAIRLY RATHER SOMEWHAT EXTREMELY NOTABLY DEEPLY CLEARLY PLAINLY SURELY BARELY HARDLY MOSTLY NEARLY PARTLY SIMPLY WIDELY WHOLLY BADLY BOLDLY BRISKLY CALMLY COLDLY COOLLY CRUDELY DARKLY DEARLY DENSELY DIMLY DRYLY TO THE OFFER AND THEN LEFT THE ROOM
qwen06b,ap_no_t2_k32,1,control_word,t2,32,32,42,no,42,22.16,32,nan,nan,nan,nan,277,False,,nan,nan,True,32,miscount,0,SHE SAID QUITE REALLY TRULY FAIRLY RATHER SOMEWHAT EXTREMELY NOTABLY DEEPLY CLEARLY PLAINLY SURELY BARELY HARDLY MOSTLY NEARLY PARTLY SIMPLY WIDELY WHOLLY BADLY BOLDLY BRISKLY CALMLY COLDLY COOLLY CRUDELY DARKLY DEARLY DENSELY DIMLY DRYLY TO THE OFFER AND THEN LEFT THE ROOM
qwen06b,ap_no_t2_k32,2,control_word,t2,32,32,42,no,42,19.36,31,nan,nan,nan,nan,242,False,,nan,nan,True,31,undercount,0,SHE SAID QUITE REALLY TRULY FAIRLY RATHER SOMEWHAT EXTREMELY NOTABLY DEEPLY CLEARLY PLAINLY SURELY BARELY HARDLY MOSTLY NEARLY PARTLY SIMPLY WIDELY WHOLLY BADLY BOLDLY BRISKLY CALMLY COLDLY CRUELY CRUDELY DARKLY DEARLY DENSELY DIMLY DRYLY TO THE OFFER AND THEN LEFT THE ROOM
qwen06b,ap_quick_t5_k12,0,control_word,t5,12,12,19,quick,19,9.04,12,nan,nan,nan,nan,113,False,,nan,nan,True,12,miscount,0,THE RUNNER MOVED QUITE REALLY TRULY FAIRLY RATHER SOMEWHAT EXTREMELY NOTABLY DEEPLY CLEARLY PLAINLY SURELY ALONG THE NARROW PATH
qwen06b,ap_quick_t5_k12,1,control_word,t5,12,12,19,quick,19,8.8,12,nan,nan,nan,nan,110,False,,nan,nan,True,12,miscount,0,THE RUNNER MOVED QUITE REALLY TRULY FAIRLY RATHER SOMEWHAT EXTREMELY NOTABLY DEEPLY CLEARLY PLAINLY SURELY ALONG THE NARROW PATH
qwen06b,ap_quick_t5_k12,2,control_word,t5,12,12,19,quick,19,9.12,12,nan,nan,nan,nan,114,False,,nan,nan,True,12,miscount,0,THE RUNNER MOVED QUITE REALLY TRULY FAIRLY RATHER SOMEWHAT EXTREMELY NOTABLY DEEPLY CLEARLY PLAINLY SURELY ALONG THE NARROW PATH
qwen06b,ap_quick_t5_k16,0,control_word,t5,16,16,23,quick,23,10.32,16,nan,nan,nan,nan,129,False,,nan,nan,True,16,miscount,0,THE RUNNER MOVED QUITE REALLY TRULY FAIRLY RATHER SOMEWHAT EXTREMELY NOTABLY DEEPLY CLEARLY PLAINLY SURELY BARELY HARDLY MOSTLY NEARLY ALONG THE NARROW PATH
qwen06b,ap_quick_t5_k16,1,control_word,t5,16,16,23,quick,23,11.68,16,nan,nan,nan,nan,146,False,,nan,nan,True,16,miscount,0,THE RUNNER MOVED QUITE REALLY TRULY FAIRLY RATHER SOMEWHAT EXTREMELY NOTABLY DEEPLY CLEARLY PLAINLY SURELY BARELY HARDLY MOSTLY NEARLY ALONG THE NARROW PATH
qwen06b,ap_quick_t5_k16,2,control_word,t5,16,16,23,quick,23,11.52,16,nan,nan,nan,nan,144,False,,nan,nan,True,16,miscount,0,THE RUNNER MOVED QUITE REALLY TRULY FAIRLY RATHER SOMEWHAT EXTREMELY NOTABLY DEEPLY CLEARLY PLAINLY SURELY BARELY HARDLY MOSTLY NEARLY ALONG THE NARROW PATH
qwen06b,ap_quick_t5_k24,0,control_word,t5,24,24,31,quick,31,14.08,24,nan,nan,nan,nan,176,False,,nan,nan,True,24,miscount,0,THE RUNNER MOVED QUITE REALLY TRULY FAIRLY RATHER SOMEWHAT EXTREMELY NOTABLY DEEPLY CLEARLY PLAINLY SURELY BARELY HARDLY MOSTLY NEARLY PARTLY SIMPLY WIDELY WHOLLY BADLY BOLDLY BRISKLY CALMLY ALONG THE NARROW PATH
qwen06b,ap_quick_t5_k24,1,control_word,t5,24,24,31,quick,30,14.08,24,nan,nan,nan,nan,176,False,,nan,nan,True,24,miscount,0,THE RUNNER MOVED QUITE REALLY TRULY FAIRLY RATHER SOMEWHAT EXTREMELY NOTABLY DEEPLY CLEARLY PLAINLY SURELY BARELY HARDLY MOSTLY NEARLY PARTLY SIMPLY WIDELY WHOLLY BADLY BOLDLY BRISKLY CALMLY ALONG THE NARROW
qwen06b,ap_quick_t5_k24,2,control_word,t5,24,24,31,quick,31,13.76,24,nan,nan,nan,nan,172,False,,nan,nan,True,24,miscount,0,THE RUNNER MOVED QUITE REALLY TRULY FAIRLY RATHER SOMEWHAT EXTREMELY NOTABLY DEEPLY CLEARLY PLAINLY SURELY BARELY HARDLY MOSTLY NEARLY PARTLY SIMPLY WIDELY WHOLLY BADLY BOLDLY BRISKLY CALMLY ALONG THE NARROW PATH
qwen06b,ap_quick_t5_k32,0,control_word,t5,32,32,39,quick,41,23.28,31,nan,nan,nan,nan,291,False,,nan,nan,True,31,undercount,0,THE RUNNER MOVED QUITE REALLY TRULY FAIRLY RATHER SOMEWHAT EXTREMELY NOTABLY DEEPLY CLEARLY PLAINLY SURELY BARELY HARDLY MOSTLY NEARLY PARTLY SIMPLY WIDELY WHOLLY BADLY BOLDLY BRISKLY CALMLY COLDLY COOLLY CRUDELY UE DRULY DURKLY DEARLY DENSELY DIMLY DRYLY ALONG THE NARROW PATH
qwen06b,ap_quick_t5_k32,1,control_word,t5,32,32,39,quick,39,19.6,32,nan,nan,nan,nan,245,False,,nan,nan,True,32,miscount,0,THE RUNNER MOVED QUITE REALLY TRULY FAIRLY RATHER SOMEWHAT EXTREMELY NOTABLY DEEPLY CLEARLY PLAINLY SURELY BARELY HARDLY MOSTLY NEARLY PARTLY SIMPLY WIDELY WHOLLY BADLY BOLDLY BRISKLY CALMLY COLDLY COOLLY CRUDELY DARKLY DEARLY DENSELY DIMLY DRYLY ALONG THE NARROW PATH
qwen06b,ap_quick_t5_k32,2,control_word,t5,32,32,39,quick,38,20.48,32,nan,nan,nan,nan,256,False,,nan,nan,True,32,miscount,0,THE RUNNER MOVED QUITE REALLY TRULY FAIRLY RATHER SOMEWHAT EXTREMELY NOTABLY DEEPLY CLEARLY PLAINLY SURELY BARELY HARDLY MOSTLY NEARLY PARTLY SIMPLY WIDELY WHOLLY BADLY BOLDLY BRISKLY CALMLY COLDLY COOLLY CRUDELY DARKLY DEARLY DENSELY DIMLY DRYLY ALONG THE NARROW
qwen06b,ap_really_t6_k12,0,control_word,t6,12,12,19,really,19,9.28,12,nan,nan,nan,nan,116,False,,nan,nan,True,12,miscount,0,THEY WERE QUITE TRULY FAIRLY RATHER SOMEWHAT EXTREMELY NOTABLY DEEPLY CLEARLY PLAINLY SURELY BARELY TIRED AFTER THE LONG JOURNEY
qwen06b,ap_really_t6_k12,1,control_word,t6,12,12,19,really,19,8.64,12,nan,nan,nan,nan,108,False,,nan,nan,True,12,miscount,0,THEY WERE QUITE TRULY FAIRLY RATHER SOMEWHAT EXTREMELY NOTABLY DEEPLY CLEARLY PLAINLY SURELY BARELY TIRED AFTER THE LONG JOURNEY
qwen06b,ap_really_t6_k12,2,control_word,t6,12,12,19,really,19,9.44,12,nan,nan,nan,nan,118,False,,nan,nan,True,12,miscount,0,THEY WERE QUITE TRULY FAIRLY RATHER SOMEWHAT EXTREMELY NOTABLY DEEPLY CLEARLY PLAINLY SURELY BARELY TIRED AFTER THE LONG JOURNEY
qwen06b,ap_really_t6_k16,0,control_word,t6,16,16,23,really,23,10.56,16,nan,nan,nan,nan,132,False,,nan,nan,True,16,miscount,0,THEY WERE QUITE TRULY FAIRLY RATHER SOMEWHAT EXTREMELY NOTABLY DEEPLY CLEARLY PLAINLY SURELY BARELY HARDLY MOSTLY NEARLY PARTLY TIRED AFTER THE LONG JOURNEY
qwen06b,ap_really_t6_k16,1,control_word,t6,16,16,23,really,23,10.88,16,nan,nan,nan,nan,136,False,,nan,nan,True,16,miscount,0,THEY WERE QUITE TRULY FAIRLY RATHER SOMEWHAT EXTREMELY NOTABLY DEEPLY CLEARLY PLAINLY SURELY BARELY HARDLY MOSTLY NEARLY PARTLY TIRED AFTER THE LONG JOURNEY
qwen06b,ap_really_t6_k16,2,control_word,t6,16,16,23,really,23,11.52,16,nan,nan,nan,nan,144,False,,nan,nan,True,16,miscount,0,THEY WERE QUITE TRULY FAIRLY RATHER SOMEWHAT EXTREMELY NOTABLY DEEPLY CLEARLY PLAINLY SURELY BARELY HARDLY MOSTLY NEARLY PARTLY TIRED AFTER THE LONG JOURNEY
qwen06b,ap_really_t6_k24,0,control_word,t6,24,24,31,really,31,14.96,24,nan,nan,nan,nan,187,False,,nan,nan,True,24,miscount,0,THEY WERE QUITE TRULY FAIRLY RATHER SOMEWHAT EXTREMELY NOTABLY DEEPLY CLEARLY PLAINLY SURELY BARELY HARDLY MOSTLY NEARLY PARTLY SIMPLY WIDELY WHOLLY BADLY BOLDLY BRISKLY CALMLY COLDLY TIRED AFTER THE LONG JOURNEY
qwen06b,ap_really_t6_k24,1,control_word,t6,24,24,31,really,31,16.0,24,nan,nan,nan,nan,200,False,,nan,nan,True,24,miscount,0,THEY WERE QUITE TRULY FAIRLY RATHER SOMEWHAT EXTREMELY NOTABLY DEEPLY CLEARLY PLAINLY SURELY BARELY HARDLY MOSTLY NEARLY PARTLY SIMPLY WIDELY WHOLLY BADLY BOLDLY BRISKLY CALMLY COLDLY TIRED AFTER THE LONG JOURNEY
qwen06b,ap_really_t6_k24,2,control_word,t6,24,24,31,really,31,14.88,24,nan,nan,nan,nan,186,False,,nan,nan,True,24,miscount,0,THEY WERE QUITE TRULY FAIRLY RATHER SOMEWHAT EXTREMELY NOTABLY DEEPLY CLEARLY PLAINLY SURELY BARELY HARDLY MOSTLY NEARLY PARTLY SIMPLY WIDELY WHOLLY BADLY BOLDLY BRISKLY CALMLY COLDLY TIRED AFTER THE LONG JOURNEY
qwen06b,ap_really_t6_k32,0,control_word,t6,32,32,39,really,39,20.4,32,nan,nan,nan,nan,255,False,,nan,nan,True,32,miscount,0,THEY WERE QUITE TRULY FAIRLY RATHER SOMEWHAT EXTREMELY NOTABLY DEEPLY CLEARLY PLAINLY SURELY BARELY HARDLY MOSTLY NEARLY PARTLY SIMPLY WIDELY WHOLLY BADLY BOLDLY BRISKLY CALMLY COLDLY COOLLY CRUDELY DARKLY DEARLY DENSELY DIMLY DRYLY DULLY TIRED AFTER THE LONG JOURNEY
qwen06b,ap_really_t6_k32,1,control_word,t6,32,32,39,really,40,20.32,31,nan,nan,nan,nan,254,False,,nan,nan,True,31,undercount,0,THEY WERE QUITE TRULY FAIRLY RATHER SOMEWHAT EXTREMELY NOTABLY DEEPLY CLEARLY PLAINLY SURELY BARELY HARDLY MOSTLY NEARLY PARTLY SIMPLY WIDELY WHOLLY BADLY BOLDLY BRISKLY CALMLY COLDLY CRUELLY CRUDELY DARKLY DURKLY DEARLY DENSELY DIMLY DRYLY DULLY TIRED AFTER THE LONG JOURNEY
qwen06b,ap_really_t6_k32,2,control_word,t6,32,32,39,really,39,19.84,32,nan,nan,nan,nan,248,False,,nan,nan,True,32,miscount,0,THEY WERE QUITE TRULY FAIRLY RATHER SOMEWHAT EXTREMELY NOTABLY DEEPLY CLEARLY PLAINLY SURELY BARELY HARDLY MOSTLY NEARLY PARTLY SIMPLY WIDELY WHOLLY BADLY BOLDLY BRISKLY CALMLY COLDLY COOLLY CRUDELY DARKLY DEARLY DENSELY DIMLY DRYLY DULLY TIRED AFTER THE LONG JOURNEY
qwen06b,ap_very_t1_k12,0,control_word,t1,12,12,22,very,22,8.4,12,nan,nan,nan,nan,105,False,,nan,nan,True,12,miscount,0,THE DOG WAS QUITE REALLY TRULY FAIRLY RATHER SOMEWHAT EXTREMELY NOTABLY DEEPLY CLEARLY PLAINLY SURELY BIG AND IT RAN ACROSS THE FIELD
qwen06b,ap_very_t1_k12,1,control_word,t1,12,12,22,very,22,9.12,12,nan,nan,nan,nan,114,False,,nan,nan,True,12,miscount,0,THE DOG WAS QUITE REALLY TRULY FAIRLY RATHER SOMEWHAT EXTREMELY NOTABLY DEEPLY CLEARLY PLAINLY SURELY BIG AND IT RAN ACROSS THE FIELD
qwen06b,ap_very_t1_k12,2,control_word,t1,12,12,22,very,22,9.68,12,nan,nan,nan,nan,121,False,,nan,nan,True,12,miscount,0,THE DOG WAS QUITE REALLY TRULY FAIRLY RATHER SOMEWHAT EXTREMELY NOTABLY DEEPLY CLEARLY PLAINLY SURELY BIG AND IT RAN ACROSS THE FIELD
qwen06b,ap_very_t1_k16,0,control_word,t1,16,16,26,very,26,12.16,16,nan,nan,nan,nan,152,False,,nan,nan,True,16,miscount,0,THE DOG WAS QUITE REALLY TRULY FAIRLY RATHER SOMEWHAT EXTREMELY NOTABLY DEEPLY CLEARLY PLAINLY SURELY BARELY HARDLY MOSTLY NEARLY BIG AND IT RAN ACROSS THE FIELD
qwen06b,ap_very_t1_k16,1,control_word,t1,16,16,26,very,26,12.0,16,nan,nan,nan,nan,150,False,,nan,nan,True,16,miscount,0,THE DOG WAS QUITE REALLY TRULY FAIRLY RATHER SOMEWHAT EXTREMELY NOTABLY DEEPLY CLEARLY PLAINLY SURELY BARELY HARDLY MOSTLY NEARLY BIG AND IT RAN ACROSS THE FIELD
qwen06b,ap_very_t1_k16,2,control_word,t1,16,16,26,very,26,12.56,16,nan,nan,nan,nan,157,False,,nan,nan,True,16,miscount,0,THE DOG WAS QUITE REALLY TRULY FAIRLY RATHER SOMEWHAT EXTREMELY NOTABLY DEEPLY CLEARLY PLAINLY SURELY BARELY HARDLY MOSTLY NEARLY BIG AND IT RAN ACROSS THE FIELD
qwen06b,ap_very_t1_k24,0,control_word,t1,24,24,34,very,33,14.08,24,nan,nan,nan,nan,176,False,,nan,nan,True,24,miscount,0,THE DOG WAS QUITE REALLY TRULY FAIRLY RATHER SOMEWHAT EXTREMELY NOTABLY DEEPLY CLEARLY PLAINLY SURELY BARELY HARDLY MOSTLY NEARLY PARTLY SIMPLY WIDELY WHOLLY BADLY BOLDLY BRISKLY CALMLY BIG AND IT RAN ACROSS THE
qwen06b,ap_very_t1_k24,1,control_word,t1,24,24,34,very,34,15.44,24,nan,nan,nan,nan,193,False,,nan,nan,True,24,miscount,0,THE DOG WAS QUITE REALLY TRULY FAIRLY RATHER SOMEWHAT EXTREMELY NOTABLY DEEPLY CLEARLY PLAINLY SURELY BARELY HARDLY MOSTLY NEARLY PARTLY SIMPLY WIDELY WHOLLY BADLY BOLDLY BRISKLY CALMLY BIG AND IT RAN ACROSS THE FIELD
qwen06b,ap_very_t1_k24,2,control_word,t1,24,24,34,very,33,14.08,24,nan,nan,nan,nan,176,False,,nan,nan,True,24,miscount,0,THE DOG WAS QUITE REALLY TRULY FAIRLY RATHER SOMEWHAT EXTREMELY NOTABLY DEEPLY CLEARLY PLAINLY SURELY BARELY HARDLY MOSTLY NEARLY PARTLY SIMPLY WIDELY WHOLLY BADLY BOLDLY BRISKLY CALMLY BIG AND IT RAN ACROSS THEFD
qwen06b,ap_very_t1_k32,0,control_word,t1,32,32,42,very,42,19.44,31,nan,nan,nan,nan,243,False,,nan,nan,True,31,undercount,0,THE DOG WAS QUITE REALLY TRULY FAIRLY RATHER SOMEWHAT EXTREMELY NOTABLY DEEPLY CLEARLY PLAINLY SURELY BARELY HARDLY MOSTLY NEARLY PARTLY SIMPLY WIDELY WHOLLY BADLY BOLDLY BRISKLY CALMLY COLDLY CRUDELY CRUDELY DARKLY DEARLY DENSELY DIMLY DRYLY BIG AND IT RAN ACROSS THE FIELD
qwen06b,ap_very_t1_k32,1,control_word,t1,32,32,42,very,42,21.44,32,nan,nan,nan,nan,268,False,,nan,nan,True,32,miscount,0,THE DOG WAS QUITE REALLY TRULY FAIRLY RATHER SOMEWHAT EXTREMELY NOTABLY DEEPLY CLEARLY PLAINLY SURELY BARELY HARDLY MOSTLY NEARLY PARTLY SIMPLY WIDELY WHOLLY BADLY BOLDLY BRISKLY CALMLY COLDLY COOLLY CRUDELY DARKLY DEARLY DENSELY DIMLY DRYLY BIG AND IT RAN ACROSS THE FIELD
qwen06b,ap_very_t1_k32,2,control_word,t1,32,32,42,very,42,20.8,31,nan,nan,nan,nan,260,False,,nan,nan,True,31,undercount,0,THE DOG WAS QUITE REALLY TRULY FAIRLY RATHER SOMEWHAT EXTREMELY NOTABLY DEEPLY CLEARLY PLAINLY SURELY BARELY HARDLY MOSTLY NEARLY PARTLY SIMPLY WIDELY WHOLLY BADLY BOLDLY BRISKLY CALMLY COLDLY COOLLY CRUDELY DARKLY DIRLY DENSELY DIMLY DRYLY BIG AND IT RAN ACROSS THE FIELD
qwen17b,ap_blue_t4_k12,0,control_word,t4,12,12,19,blue,19,7.92,12,nan,nan,nan,nan,99,False,,nan,nan,True,12,miscount,0,THE LIGHT WAS QUITE REALLY TRULY FAIRLY RATHER SOMEWHAT EXTREMELY NOTABLY DEEPLY CLEARLY PLAINLY SURELY BEFORE THE STORM ARRIVED
qwen17b,ap_blue_t4_k12,1,control_word,t4,12,12,19,blue,19,8.8,12,nan,nan,nan,nan,110,False,,nan,nan,True,12,miscount,0,THE LIGHT WAS QUITE REALLY TRULY FAIRLY RATHER SOMEWHAT EXTREMELY NOTABLY DEEPLY CLEARLY PLAINLY SURELY BEFORE THE STORM ARRIVED
qwen17b,ap_blue_t4_k12,2,control_word,t4,12,12,19,blue,19,9.68,12,nan,nan,nan,nan,121,False,,nan,nan,True,12,miscount,0,THE LIGHT WAS QUITE REALLY TRULY FAIRLY RATHER SOMEWHAT EXTREMELY NOTABLY DEEPLY CLEARLY PLAINLY SURELY BEFORE THE STORM ARRIVED
qwen17b,ap_blue_t4_k16,0,control_word,t4,16,16,23,blue,23,12.4,16,nan,nan,nan,nan,155,False,,nan,nan,True,16,miscount,0,THE LIGHT WAS QUITE REALLY TRULY FAIRLY RATHER SOMEWHAT EXTREMELY NOTABLY DEEPLY CLEARLY PLAINLY SURELY BARELY HARDLY MOSTLY NEARLY BEFORE THE STORM ARRIVED
qwen17b,ap_blue_t4_k16,1,control_word,t4,16,16,23,blue,23,11.52,16,nan,nan,nan,nan,144,False,,nan,nan,True,16,miscount,0,THE LIGHT WAS QUITE REALLY TRULY FAIRLY RATHER SOMEWHAT EXTREMELY NOTABLY DEEPLY CLEARLY PLAINLY SURELY BARELY HARDLY MOSTLY NEARLY BEFORE THE STORM ARRIVED
qwen17b,ap_blue_t4_k16,2,control_word,t4,16,16,23,blue,23,11.2,16,nan,nan,nan,nan,140,False,,nan,nan,True,16,miscount,0,THE LIGHT WAS QUITE REALLY TRULY FAIRLY RATHER SOMEWHAT EXTREMELY NOTABLY DEEPLY CLEARLY PLAINLY SURELY BARELY HARDLY MOSTLY NEARLY BEFORE THE STORM ARRIVED
qwen17b,ap_blue_t4_k24,0,control_word,t4,24,24,31,blue,31,15.84,24,nan,nan,nan,nan,198,False,,nan,nan,True,24,miscount,0,THE LIGHT WAS QUITE REALLY TRULY FAIRLY RATHER SOMEWHAT EXTREMELY NOTABLY DEEPLY CLEARLY PLAINLY SURELY BARELY HARDLY MOSTLY NEARLY PARTLY SIMPLY WIDELY WHOLLY BADLY BOLDLY BRISKLY CALMLY BEFORE THE STORM ARRIVED
qwen17b,ap_blue_t4_k24,1,control_word,t4,24,24,31,blue,31,17.12,24,nan,nan,nan,nan,214,False,,nan,nan,True,24,miscount,0,THE LIGHT WAS QUITE REALLY TRULY FAIRLY RATHER SOMEWHAT EXTREMELY NOTABLY DEEPLY CLEARLY PLAINLY SURELY BARELY HARDLY MOSTLY NEARLY PARTLY SIMPLY WIDELY WHOLLY BADLY BOLDLY BRISKLY CALMLY BEFORE THE STORM ARRIVED
qwen17b,ap_blue_t4_k24,2,control_word,t4,24,24,31,blue,31,15.6,24,nan,nan,nan,nan,195,False,,nan,nan,True,24,miscount,0,THE LIGHT WAS QUITE REALLY TRULY FAIRLY RATHER SOMEWHAT EXTREMELY NOTABLY DEEPLY CLEARLY PLAINLY SURELY BARELY HARDLY MOSTLY NEARLY PARTLY SIMPLY WIDELY WHOLLY BADLY BOLDLY BRISKLY CALMLY BEFORE THE STORM ARRIVED
qwen17b,ap_blue_t4_k32,0,control_word,t4,32,32,39,blue,38,18.4,29,nan,nan,nan,nan,230,False,,nan,nan,True,29,undercount,0,THE LIGHT WAS QUITE REALLY TRULY FAIRLY RATHER SOMEWHAT EXTREMELY NOTABLY DEEPLY CLEARLY PLAINLY SURELY BARELY HARDLY MOSTLY NEARLY PARTLY SIMPLY WIDELY WHOLLY BADLY BOLDLY BRISKLY CALMLY COLDLY CRUELLY DROCKLY DEARLY DENSELY DIMLY DRYLY BEFORE THE STORM ARRIVED
qwen17b,ap_blue_t4_k32,1,control_word,t4,32,32,39,blue,39,19.76,32,nan,nan,nan,nan,247,False,,nan,nan,True,32,miscount,0,THE LIGHT WAS QUITE REALLY TRULY FAIRLY RATHER SOMEWHAT EXTREMELY NOTABLY DEEPLY CLEARLY PLAINLY SURELY BARELY HARDLY MOSTLY NEARLY PARTLY SIMPLY WIDELY WHOLLY BADLY BOLDLY BRISKLY CALMLY COLDLY COOLLY CRUDELY DARKLY DEARLY DENSELY DIMLY DRYLY BEFORE THE STORM ARRIVED
qwen17b,ap_blue_t4_k32,2,control_word,t4,32,32,39,blue,39,20.56,32,nan,nan,nan,nan,257,False,,nan,nan,True,32,miscount,0,THE LIGHT WAS QUITE REALLY TRULY FAIRLY RATHER SOMEWHAT EXTREMELY NOTABLY DEEPLY CLEARLY PLAINLY SURELY BARELY HARDLY MOSTLY NEARLY PARTLY SIMPLY WIDELY WHOLLY BADLY BOLDLY BRISKLY CALMLY COLDLY COOLLY CRUDELY DARKLY DEARLY DENSELY DIMLY DRYLY BEFORE THE STORM A
qwen17b,ap_far_t3_k12,0,control_word,t3,12,12,20,far,20,9.92,12,nan,nan,nan,nan,124,False,,nan,nan,True,12,miscount,0,HE WALKED QUITE REALLY TRULY FAIRLY RATHER SOMEWHAT EXTREMELY NOTABLY DEEPLY CLEARLY PLAINLY SURELY INTO THE FOREST BEFORE TURNING BACK
qwen17b,ap_far_t3_k12,1,control_word,t3,12,12,20,far,20,10.08,12,nan,nan,nan,nan,126,False,,nan,nan,True,12,miscount,0,HE WALKED QUITE REALLY TRULY FAIRLY RATHER SOMEWHAT EXTREMELY NOTABLY DEEPLY CLEARLY PLAINLY SURELY INTO THE FOREST BEFORE TURNING BACK
qwen17b,ap_far_t3_k12,2,control_word,t3,12,12,20,far,20,9.84,12,nan,nan,nan,nan,123,False,,nan,nan,True,12,miscount,0,HE WALKED QUITE REALLY TRULY FAIRLY RATHER SOMEWHAT EXTREMELY NOTABLY DEEPLY CLEARLY PLAINLY SURELY INTO THE FOREST BEFORE TURNING BACK
qwen17b,ap_far_t3_k16,0,control_word,t3,16,16,24,far,24,12.56,16,nan,nan,nan,nan,157,False,,nan,nan,True,16,miscount,0,HE WALKED QUITE REALLY TRULY FAIRLY RATHER SOMEWHAT EXTREMELY NOTABLY DEEPLY CLEARLY PLAINLY SURELY BARELY HARDLY MOSTLY NEARLY INTO THE FOREST BEFORE TURNING BACK
qwen17b,ap_far_t3_k16,1,control_word,t3,16,16,24,far,24,12.08,16,nan,nan,nan,nan,151,False,,nan,nan,True,16,miscount,0,HE WALKED QUITE REALLY TRULY FAIRLY RATHER SOMEWHAT EXTREMELY NOTABLY DEEPLY CLEARLY PLAINLY SURELY BARELY HARDLY MOSTLY NEARLY INTO THE FOREST BEFORE TURNING BACK
qwen17b,ap_far_t3_k16,2,control_word,t3,16,16,24,far,24,12.48,16,nan,nan,nan,nan,156,False,,nan,nan,True,16,miscount,0,HE WALKED QUITE REALLY TRULY FAIRLY RATHER SOMEWHAT EXTREMELY NOTABLY DEEPLY CLEARLY PLAINLY SURELY BARELY HARDLY MOSTLY NEARLY INTO THE FOREST BEFORE TURNING BACK
qwen17b,ap_far_t3_k24,0,control_word,t3,24,24,32,far,32,15.6,24,nan,nan,nan,nan,195,False,,nan,nan,True,24,miscount,0,HE WALKED QUITE REALLY TRULY FAIRLY RATHER SOMEWHAT EXTREMELY NOTABLY DEEPLY CLEARLY PLAINLY SURELY BARELY HARDLY MOSTLY NEARLY PARTLY SIMPLY WIDELY WHOLLY BADLY BOLDLY BRISKLY CALMLY INTO THE FOREST BEFORE TURNING BACK
qwen17b,ap_far_t3_k24,1,control_word,t3,24,24,32,far,32,17.68,24,nan,nan,nan,nan,221,False,,nan,nan,True,24,miscount,0,HE WALKED QUITE REALLY TRULY FAIRLY RATHER SOMEWHAT EXTREMELY NOTABLY DEEPLY CLEARLY PLAINLY SURELY BARELY HARDLY MOSTLY NEARLY PARTLY SIMPLY WIDELY WHOLLY BADLY BOLDLY BRISKLY CALMLY INTO THE FOREST BEFORE TURNING BACK
qwen17b,ap_far_t3_k24,2,control_word,t3,24,24,32,far,32,19.44,24,nan,nan,nan,nan,243,False,,nan,nan,True,24,miscount,0,HE WALKED QUITE REALLY TRULY FAIRLY RATHER SOMEWHAT EXTREMELY NOTABLY DEEPLY CLEARLY PLAINLY SURELY BARELY HARDLY MOSTLY NEARLY PARTLY SIMPLY WIDELY WHOLLY BADLY BOLDLY BRISKLY CALMLY INTO THE FOREST BEFORE TURNING BACK
qwen17b,ap_far_t3_k32,0,control_word,t3,32,32,40,far,40,20.48,32,nan,nan,nan,nan,256,False,,nan,nan,True,32,miscount,0,HE WALKED QUITE REALLY TRULY FAIRLY RATHER SOMEWHAT EXTREMELY NOTABLY DEEPLY CLEARLY PLAINLY SURELY BARELY HARDLY MOSTLY NEARLY PARTLY SIMPLY WIDELY WHOLLY BADLY BOLDLY BRISKLY CALMLY COLDLY COOLLY CRUDELY DARKLY DEARLY DENSELY DIMLY DRYLY INTO THE FOREST BEFORE TURNING BACK
qwen17b,ap_far_t3_k32,1,control_word,t3,32,32,40,far,40,21.2,32,nan,nan,nan,nan,265,False,,nan,nan,True,32,miscount,0,HE WALKED QUITE REALLY TRULY FAIRLY RATHER SOMEWHAT EXTREMELY NOTABLY DEEPLY CLEARLY PLAINLY SURELY BARELY HARDLY MOSTLY NEARLY PARTLY SIMPLY WIDELY WHOLLY BADLY BOLDLY BRISKLY CALMLY COLDLY COOLLY CRUDELY DARKLY DEARLY DENSELY DIMLY DRYLY INTO THE FOREST BEFORE TURNING BACK
qwen17b,ap_far_t3_k32,2,control_word,t3,32,32,40,far,40,20.24,32,nan,nan,nan,nan,253,False,,nan,nan,True,32,miscount,0,HE WALKED QUITE REALLY TRULY FAIRLY RATHER SOMEWHAT EXTREMELY NOTABLY DEEPLY CLEARLY PLAINLY SURELY BARELY HARDLY MOSTLY NEARLY PARTLY SIMPLY WIDELY WHOLLY BADLY BOLDLY BRISKLY CALMLY COLDLY COOLLY CRUDELY DARKLY DEARLY DENSELY DIMLY DRYLY INTO THE FOREST BEFORE TURNING BACK
qwen17b,ap_no_t2_k12,0,control_word,t2,12,12,22,no,22,9.92,12,nan,nan,nan,nan,124,False,,nan,nan,True,12,miscount,0,SHE SAID QUITE REALLY TRULY FAIRLY RATHER SOMEWHAT EXTREMELY NOTABLY DEEPLY CLEARLY PLAINLY SURELY TO THE OFFER AND THEN LEFT THE ROOM
qwen17b,ap_no_t2_k12,1,control_word,t2,12,12,22,no,22,10.88,12,nan,nan,nan,nan,136,False,,nan,nan,True,12,miscount,0,SHE SAID QUITE REALLY TRULY FAIRLY RATHER SOMEWHAT EXTREMELY NOTABLY DEEPLY CLEARLY PLAINLY SURELY TO THE OFFER AND THEN LEFT THE ROOM
qwen17b,ap_no_t2_k12,2,control_word,t2,12,12,22,no,22,9.2,12,nan,nan,nan,nan,115,False,,nan,nan,True,12,miscount,0,SHE SAID QUITE REALLY TRULY FAIRLY RATHER SOMEWHAT EXTREMELY NOTABLY DEEPLY CLEARLY PLAINLY SURELY TO THE OFFER AND THEN LEFT THE ROOM
qwen17b,ap_no_t2_k16,0,control_word,t2,16,16,26,no,26,10.88,16,nan,nan,nan,nan,136,False,,nan,nan,True,16,miscount,0,SHE SAID QUITE REALLY TRULY FAIRLY RATHER SOMEWHAT EXTREMELY NOTABLY DEEPLY CLEARLY PLAINLY SURELY BARELY HARDLY MOSTLY NEARLY TO THE OFFER AND THEN LEFT THE ROOM
qwen17b,ap_no_t2_k16,1,control_word,t2,16,16,26,no,26,11.84,16,nan,nan,nan,nan,148,False,,nan,nan,True,16,miscount,0,SHE SAID QUITE REALLY TRULY FAIRLY RATHER SOMEWHAT EXTREMELY NOTABLY DEEPLY CLEARLY PLAINLY SURELY BARELY HARDLY MOSTLY NEARLY TO THE OFFER AND THEN LEFT THE ROOM
qwen17b,ap_no_t2_k16,2,control_word,t2,16,16,26,no,26,10.72,16,nan,nan,nan,nan,134,False,,nan,nan,True,16,miscount,0,SHE SAID QUITE REALLY TRULY FAIRLY RATHER SOMEWHAT EXTREMELY NOTABLY DEEPLY CLEARLY PLAINLY SURELY BARELY HARDLY MOSTLY NEARLY TO THE OFFER AND THEN LEFT THE ROOM
qwen17b,ap_no_t2_k24,0,control_word,t2,24,24,34,no,34,16.08,24,nan,nan,nan,nan,201,False,,nan,nan,True,24,miscount,0,SHE SAID QUITE REALLY TRULY FAIRLY RATHER SOMEWHAT EXTREMELY NOTABLY DEEPLY CLEARLY PLAINLY SURELY BARELY HARDLY MOSTLY NEARLY PARTLY SIMPLY WIDELY WHOLLY BADLY BOLDLY BRISKLY CALMLY TO THE OFFER AND THEN LEFT THE ROOM
qwen17b,ap_no_t2_k24,1,control_word,t2,24,24,34,no,34,17.6,24,nan,nan,nan,nan,220,False,,nan,nan,True,24,miscount,0,SHE SAID QUITE REALLY TRULY FAIRLY RATHER SOMEWHAT EXTREMELY NOTABLY DEEPLY CLEARLY PLAINLY SURELY BARELY HARDLY MOSTLY NEARLY PARTLY SIMPLY WIDELY WHOLLY BADLY BOLDLY BRISKLY CALMLY TO THE OFFER AND THEN LEFT THE ROOM
qwen17b,ap_no_t2_k24,2,control_word,t2,24,24,34,no,34,15.6,24,nan,nan,nan,nan,195,False,,nan,nan,True,24,miscount,0,SHE SAID QUITE REALLY TRULY FAIRLY RATHER SOMEWHAT EXTREMELY NOTABLY DEEPLY CLEARLY PLAINLY SURELY BARELY HARDLY MOSTLY NEARLY PARTLY SIMPLY WIDELY WHOLLY BADLY BOLDLY BRISKLY CALMLY TO THE OFFER AND THEN LEFT THE ROOM
qwen17b,ap_no_t2_k32,0,control_word,t2,32,32,42,no,42,20.96,32,nan,nan,nan,nan,262,False,,nan,nan,True,32,miscount,0,SHE SAID QUITE REALLY TRULY FAIRLY RATHER SOMEWHAT EXTREMELY NOTABLY DEEPLY CLEARLY PLAINLY SURELY BARELY HARDLY MOSTLY NEARLY PARTLY SIMPLY WIDELY WHOLLY BADLY BOLDLY BRISKLY CALMLY COLDLY COOLLY CRUDELY DARKLY DEARLY DENSELY DIMLY DRYLY TO THE OFFER AND THEN LEFT THE ROOM
qwen17b,ap_no_t2_k32,1,control_word,t2,32,32,42,no,42,20.4,32,nan,nan,nan,nan,255,False,,nan,nan,True,32,miscount,0,SHE SAID QUITE REALLY TRULY FAIRLY RATHER SOMEWHAT EXTREMELY NOTABLY DEEPLY CLEARLY PLAINLY SURELY BARELY HARDLY MOSTLY NEARLY PARTLY SIMPLY WIDELY WHOLLY BADLY BOLDLY BRISKLY CALMLY COLDLY COOLLY CRUDELY DARKLY DEARLY DENSELY DIMLY DRYLY TO THE OFFER AND THEN LEFT THE ROOM
qwen17b,ap_no_t2_k32,2,control_word,t2,32,32,42,no,42,21.52,32,nan,nan,nan,nan,269,False,,nan,nan,True,32,miscount,0,SHE SAID QUITE REALLY TRULY FAIRLY RATHER SOMEWHAT EXTREMELY NOTABLY DEEPLY CLEARLY PLAINLY SURELY BARELY HARDLY MOSTLY NEARLY PARTLY SIMPLY WIDELY WHOLLY BADLY BOLDLY BRISKLY CALMLY COLDLY COOLLY CRUDELY DARKLY DEARLY DENSELY DIMLY DRYLY TO THE OFFER AND THEN LEFT THE ROOM
qwen17b,ap_quick_t5_k12,0,control_word,t5,12,12,19,quick,19,8.32,12,nan,nan,nan,nan,104,False,,nan,nan,True,12,miscount,0,THE RUNNER MOVED QUITE REALLY TRULY FAIRLY RATHER SOMEWHAT EXTREMELY NOTABLY DEEPLY CLEARLY PLAINLY SURELY ALONG THE NARROW PATH
qwen17b,ap_quick_t5_k12,1,control_word,t5,12,12,19,quick,19,9.44,12,nan,nan,nan,nan,118,False,,nan,nan,True,12,miscount,0,THE RUNNER MOVED QUITE REALLY TRULY FAIRLY RATHER SOMEWHAT EXTREMELY NOTABLY DEEPLY CLEARLY PLAINLY SURELY ALONG THE NARROW PATH
qwen17b,ap_quick_t5_k12,2,control_word,t5,12,12,19,quick,19,8.88,12,nan,nan,nan,nan,111,False,,nan,nan,True,12,miscount,0,THE RUNNER MOVED QUITE REALLY TRULY FAIRLY RATHER SOMEWHAT EXTREMELY NOTABLY DEEPLY CLEARLY PLAINLY SURELY ALONG THE NARROW PATH
qwen17b,ap_quick_t5_k16,0,control_word,t5,16,16,23,quick,23,11.36,16,nan,nan,nan,nan,142,False,,nan,nan,True,16,miscount,0,THE RUNNER MOVED QUITE REALLY TRULY FAIRLY RATHER SOMEWHAT EXTREMELY NOTABLY DEEPLY CLEARLY PLAINLY SURELY BARELY HARDLY MOSTLY NEARLY ALONG THE NARROW PATH
qwen17b,ap_quick_t5_k16,1,control_word,t5,16,16,23,quick,23,11.44,16,nan,nan,nan,nan,143,False,,nan,nan,True,16,miscount,0,THE RUNNER MOVED QUITE REALLY TRULY FAIRLY RATHER SOMEWHAT EXTREMELY NOTABLY DEEPLY CLEARLY PLAINLY SURELY BARELY HARDLY MOSTLY NEARLY ALONG THE NARROW PATH
qwen17b,ap_quick_t5_k16,2,control_word,t5,16,16,23,quick,23,11.92,16,nan,nan,nan,nan,149,False,,nan,nan,True,16,miscount,0,THE RUNNER MOVED QUITE REALLY TRULY FAIRLY RATHER SOMEWHAT EXTREMELY NOTABLY DEEPLY CLEARLY PLAINLY SURELY BARELY HARDLY MOSTLY NEARLY ALONG THE NARROW PATH
qwen17b,ap_quick_t5_k24,0,control_word,t5,24,24,31,quick,31,15.44,24,nan,nan,nan,nan,193,False,,nan,nan,True,24,miscount,0,THE RUNNER MOVED QUITE REALLY TRULY FAIRLY RATHER SOMEWHAT EXTREMELY NOTABLY DEEPLY CLEARLY PLAINLY SURELY BARELY HARDLY MOSTLY NEARLY PARTLY SIMPLY WIDELY WHOLLY BADLY BOLDLY BRISKLY CALMLY ALONG THE NARROW PATH
qwen17b,ap_quick_t5_k24,1,control_word,t5,24,24,31,quick,31,14.88,24,nan,nan,nan,nan,186,False,,nan,nan,True,24,miscount,0,THE RUNNER MOVED QUITE REALLY TRULY FAIRLY RATHER SOMEWHAT EXTREMELY NOTABLY DEEPLY CLEARLY PLAINLY SURELY BARELY HARDLY MOSTLY NEARLY PARTLY SIMPLY WIDELY WHOLLY BADLY BOLDLY BRISKLY CALMLY ALONG THE NARROW PATH
qwen17b,ap_quick_t5_k24,2,control_word,t5,24,24,31,quick,31,15.6,24,nan,nan,nan,nan,195,False,,nan,nan,True,24,miscount,0,THE RUNNER MOVED QUITE REALLY TRULY FAIRLY RATHER SOMEWHAT EXTREMELY NOTABLY DEEPLY CLEARLY PLAINLY SURELY BARELY HARDLY MOSTLY NEARLY PARTLY SIMPLY WIDELY WHOLLY BADLY BOLDLY BRISKLY CALMLY ALONG THE NARROW PATH
qwen17b,ap_quick_t5_k32,0,control_word,t5,32,32,39,quick,39,20.72,32,nan,nan,nan,nan,259,False,,nan,nan,True,32,miscount,0,THE RUNNER MOVED QUITE REALLY TRULY FAIRLY RATHER SOMEWHAT EXTREMELY NOTABLY DEEPLY CLEARLY PLAINLY SURELY BARELY HARDLY MOSTLY NEARLY PARTLY SIMPLY WIDELY WHOLLY BADLY BOLDLY BRISKLY CALMLY COLDLY COOLLY CRUDELY DARKLY DEARLY DENSELY DIMLY DRYLY ALONG THE NARROW PATH
qwen17b,ap_quick_t5_k32,1,control_word,t5,32,32,39,quick,39,21.04,32,nan,nan,nan,nan,263,False,,nan,nan,True,32,miscount,0,THE RUNNER MOVED QUITE REALLY TRULY FAIRLY RATHER SOMEWHAT EXTREMELY NOTABLY DEEPLY CLEARLY PLAINLY SURELY BARELY HARDLY MOSTLY NEARLY PARTLY SIMPLY WIDELY WHOLLY BADLY BOLDLY BRISKLY CALMLY COLDLY COOLLY CRUDELY DARKLY DEARLY DENSELY DIMLY DRYLY ALONG THE NARROW PATH
qwen17b,ap_quick_t5_k32,2,control_word,t5,32,32,39,quick,39,20.56,32,nan,nan,nan,nan,257,False,,nan,nan,True,32,miscount,0,THE RUNNER MOVED QUITE REALLY TRULY FAIRLY RATHER SOMEWHAT EXTREMELY NOTABLY DEEPLY CLEARLY PLAINLY SURELY BARELY HARDLY MOSTLY NEARLY PARTLY SIMPLY WIDELY WHOLLY BADLY BOLDLY BRISKLY CALMLY COLDLY COOLLY CRUDELY DARKLY DEARLY DENSELY DIMLY DRYLY ALONG THE NARROW PATH
qwen17b,ap_really_t6_k12,0,control_word,t6,12,12,19,really,19,8.4,12,nan,nan,nan,nan,105,False,,nan,nan,True,12,miscount,0,THEY WERE QUITE TRULY FAIRLY RATHER SOMEWHAT EXTREMELY NOTABLY DEEPLY CLEARLY PLAINLY SURELY BARELY TIRED AFTER THE LONG JOURNEY
qwen17b,ap_really_t6_k12,1,control_word,t6,12,12,19,really,19,9.04,12,nan,nan,nan,nan,113,False,,nan,nan,True,12,miscount,0,THEY WERE QUITE TRULY FAIRLY RATHER SOMEWHAT EXTREMELY NOTABLY DEEPLY CLEARLY PLAINLY SURELY BARELY TIRED AFTER THE LONG JOURNEY
qwen17b,ap_really_t6_k12,2,control_word,t6,12,12,19,really,19,9.52,12,nan,nan,nan,nan,119,False,,nan,nan,True,12,miscount,0,THEY WERE QUITE TRULY FAIRLY RATHER SOMEWHAT EXTREMELY NOTABLY DEEPLY CLEARLY PLAINLY SURELY BARELY TIRED AFTER THE LONG JOURNEY
qwen17b,ap_really_t6_k16,0,control_word,t6,16,16,23,really,23,10.88,16,nan,nan,nan,nan,136,False,,nan,nan,True,16,miscount,0,THEY WERE QUITE TRULY FAIRLY RATHER SOMEWHAT EXTREMELY NOTABLY DEEPLY CLEARLY PLAINLY SURELY BARELY HARDLY MOSTLY NEARLY PARTLY TIRED AFTER THE LONG JOURNEY
qwen17b,ap_really_t6_k16,1,control_word,t6,16,16,23,really,23,10.96,16,nan,nan,nan,nan,137,False,,nan,nan,True,16,miscount,0,THEY WERE QUITE TRULY FAIRLY RATHER SOMEWHAT EXTREMELY NOTABLY DEEPLY CLEARLY PLAINLY SURELY BARELY HARDLY MOSTLY NEARLY PARTLY TIRED AFTER THE LONG JOURNEY
qwen17b,ap_really_t6_k16,2,control_word,t6,16,16,23,really,23,12.88,16,nan,nan,nan,nan,161,False,,nan,nan,True,16,miscount,0,THEY WERE QUITE TRULY FAIRLY RATHER SOMEWHAT EXTREMELY NOTABLY DEEPLY CLEARLY PLAINLY SURELY BARELY HARDLY MOSTLY NEARLY PARTLY TIRED AFTER THE LONG JOURNEY
qwen17b,ap_really_t6_k24,0,control_word,t6,24,24,31,really,31,14.96,24,nan,nan,nan,nan,187,False,,nan,nan,True,24,miscount,0,THEY WERE QUITE TRULY FAIRLY RATHER SOMEWHAT EXTREMELY NOTABLY DEEPLY CLEARLY PLAINLY SURELY BARELY HARDLY MOSTLY NEARLY PARTLY SIMPLY WIDELY WHOLLY BADLY BOLDLY BRISKLY CALMLY COLDLY TIRED AFTER THE LONG JOURNEY
qwen17b,ap_really_t6_k24,1,control_word,t6,24,24,31,really,31,15.76,24,nan,nan,nan,nan,197,False,,nan,nan,True,24,miscount,0,THEY WERE QUITE TRULY FAIRLY RATHER SOMEWHAT EXTREMELY NOTABLY DEEPLY CLEARLY PLAINLY SURELY BARELY HARDLY MOSTLY NEARLY PARTLY SIMPLY WIDELY WHOLLY BADLY BOLDLY BRISKLY CALMLY COLDLY TIRED AFTER THE LONG JOURNEY
qwen17b,ap_really_t6_k24,2,control_word,t6,24,24,31,really,31,15.04,24,nan,nan,nan,nan,188,False,,nan,nan,True,24,miscount,0,THEY WERE QUITE TRULY FAIRLY RATHER SOMEWHAT EXTREMELY NOTABLY DEEPLY CLEARLY PLAINLY SURELY BARELY HARDLY MOSTLY NEARLY PARTLY SIMPLY WIDELY WHOLLY BADLY BOLDLY BRISKLY CALMLY COLDLY TIRED AFTER THE LONG JOURNEY
qwen17b,ap_really_t6_k32,0,control_word,t6,32,32,39,really,39,20.4,32,nan,nan,nan,nan,255,False,,nan,nan,True,32,miscount,0,THEY WERE QUITE TRULY FAIRLY RATHER SOMEWHAT EXTREMELY NOTABLY DEEPLY CLEARLY PLAINLY SURELY BARELY HARDLY MOSTLY NEARLY PARTLY SIMPLY WIDELY WHOLLY BADLY BOLDLY BRISKLY CALMLY COLDLY COOLLY CRUDELY DARKLY DEARLY DENSELY DIMLY DRYLY DULLY TIRED AFTER THE LONG JOURNEY
qwen17b,ap_really_t6_k32,1,control_word,t6,32,32,39,really,39,19.6,32,nan,nan,nan,nan,245,False,,nan,nan,True,32,miscount,0,THEY WERE QUITE TRULY FAIRLY RATHER SOMEWHAT EXTREMELY NOTABLY DEEPLY CLEARLY PLAINLY SURELY BARELY HARDLY MOSTLY NEARLY PARTLY SIMPLY WIDELY WHOLLY BADLY BOLDLY BRISKLY CALMLY COLDLY COOLLY CRUDELY DARKLY DEARLY DENSELY DIMLY DRYLY DULLY TIRED AFTER THE LONG JOURNEY
qwen17b,ap_really_t6_k32,2,control_word,t6,32,32,39,really,39,18.72,32,nan,nan,nan,nan,234,False,,nan,nan,True,32,miscount,0,THEY WERE QUITE TRULY FAIRLY RATHER SOMEWHAT EXTREMELY NOTABLY DEEPLY CLEARLY PLAINLY SURELY BARELY HARDLY MOSTLY NEARLY PARTLY SIMPLY WIDELY WHOLLY BADLY BOLDLY BRISKLY CALMLY COLDLY COOLLY CRUDELY DARKLY DEARLY DENSELY DIMLY DRYLY DULLY TIRED AFTER THE LONG JOURNEY
qwen17b,ap_very_t1_k12,0,control_word,t1,12,12,22,very,22,9.12,12,nan,nan,nan,nan,114,False,,nan,nan,True,12,miscount,0,THE DOG WAS QUITE REALLY TRULY FAIRLY RATHER SOMEWHAT EXTREMELY NOTABLY DEEPLY CLEARLY PLAINLY SURELY BIG AND IT RAN ACROSS THE FIELD
qwen17b,ap_very_t1_k12,1,control_word,t1,12,12,22,very,22,9.68,12,nan,nan,nan,nan,121,False,,nan,nan,True,12,miscount,0,THE DOG WAS QUITE REALLY TRULY FAIRLY RATHER SOMEWHAT EXTREMELY NOTABLY DEEPLY CLEARLY PLAINLY SURELY BIG AND IT RAN ACROSS THE FIELD
qwen17b,ap_very_t1_k12,2,control_word,t1,12,12,22,very,22,10.48,12,nan,nan,nan,nan,131,False,,nan,nan,True,12,miscount,0,THE DOG WAS QUITE REALLY TRULY FAIRLY RATHER SOMEWHAT EXTREMELY NOTABLY DEEPLY CLEARLY PLAINLY SURELY BIG AND IT RAN ACROSS THE FIELD
qwen17b,ap_very_t1_k16,0,control_word,t1,16,16,26,very,26,11.52,16,nan,nan,nan,nan,144,False,,nan,nan,True,16,miscount,0,THE DOG WAS QUITE REALLY TRULY FAIRLY RATHER SOMEWHAT EXTREMELY NOTABLY DEEPLY CLEARLY PLAINLY SURELY BARELY HARDLY MOSTLY NEARLY BIG AND IT RAN ACROSS THE FIELD
qwen17b,ap_very_t1_k16,1,control_word,t1,16,16,26,very,26,12.72,16,nan,nan,nan,nan,159,False,,nan,nan,True,16,miscount,0,THE DOG WAS QUITE REALLY TRULY FAIRLY RATHER SOMEWHAT EXTREMELY NOTABLY DEEPLY CLEARLY PLAINLY SURELY BARELY HARDLY MOSTLY NEARLY BIG AND IT RAN ACROSS THE FIELD
qwen17b,ap_very_t1_k16,2,control_word,t1,16,16,26,very,26,12.4,16,nan,nan,nan,nan,155,False,,nan,nan,True,16,miscount,0,THE DOG WAS QUITE REALLY TRULY FAIRLY RATHER SOMEWHAT EXTREMELY NOTABLY DEEPLY CLEARLY PLAINLY SURELY BARELY HARDLY MOSTLY NEARLY BIG AND IT RAN ACROSS THE FIELD
qwen17b,ap_very_t1_k24,0,control_word,t1,24,24,34,very,34,16.56,24,nan,nan,nan,nan,207,False,,nan,nan,True,24,miscount,0,THE DOG WAS QUITE REALLY TRULY FAIRLY RATHER SOMEWHAT EXTREMELY NOTABLY DEEPLY CLEARLY PLAINLY SURELY BARELY HARDLY MOSTLY NEARLY PARTLY SIMPLY WIDELY WHOLLY BADLY BOLDLY BRISKLY CALMLY BIG AND IT RAN ACROSS THE FIELD
qwen17b,ap_very_t1_k24,1,control_word,t1,24,24,34,very,34,16.88,24,nan,nan,nan,nan,211,False,,nan,nan,True,24,miscount,0,THE DOG WAS QUITE REALLY TRULY FAIRLY RATHER SOMEWHAT EXTREMELY NOTABLY DEEPLY CLEARLY PLAINLY SURELY BARELY HARDLY MOSTLY NEARLY PARTLY SIMPLY WIDELY WHOLLY BADLY BOLDLY BRISKLY CALMLY BIG AND IT RAN ACROSS THE FIELD
qwen17b,ap_very_t1_k24,2,control_word,t1,24,24,34,very,34,16.88,24,nan,nan,nan,nan,211,False,,nan,nan,True,24,miscount,0,THE DOG WAS QUITE REALLY TRULY FAIRLY RATHER SOMEWHAT EXTREMELY NOTABLY DEEPLY CLEARLY PLAINLY SURELY BARELY HARDLY MOSTLY NEARLY PARTLY SIMPLY WIDELY WHOLLY BADLY BOLDLY BRISKLY CALMLY BIG AND IT RAN ACROSS THE FIELD
qwen17b,ap_very_t1_k32,0,control_word,t1,32,32,42,very,42,19.68,32,nan,nan,nan,nan,246,False,,nan,nan,True,32,miscount,0,THE DOG WAS QUITE REALLY TRULY FAIRLY RATHER SOMEWHAT EXTREMELY NOTABLY DEEPLY CLEARLY PLAINLY SURELY BARELY HARDLY MOSTLY NEARLY PARTLY SIMPLY WIDELY WHOLLY BADLY BOLDLY BRISKLY CALMLY COLDLY COOLLY CRUDELY DARKLY DEARLY DENSELY DIMLY DRYLY BIG AND IT RAN ACROSS THE FIELD
qwen17b,ap_very_t1_k32,1,control_word,t1,32,32,42,very,42,20.08,32,nan,nan,nan,nan,251,False,,nan,nan,True,32,miscount,0,THE DOG WAS QUITE REALLY TRULY FAIRLY RATHER SOMEWHAT EXTREMELY NOTABLY DEEPLY CLEARLY PLAINLY SURELY BARELY HARDLY MOSTLY NEARLY PARTLY SIMPLY WIDELY WHOLLY BADLY BOLDLY BRISKLY CALMLY COLDLY COOLLY CRUDELY DARKLY DEARLY DENSELY DIMLY DRYLY BIG AND IT RAN ACROSS THE FIELD
qwen17b,ap_very_t1_k32,2,control_word,t1,32,32,42,very,42,20.96,32,nan,nan,nan,nan,262,False,,nan,nan,True,32,miscount,0,THE DOCK WAS QUITE REALLY TRULY FAIRLY RATHER SOMEWHAT EXTREMELY NOTABLY DEEPLY CLEARLY PLAINLY SURELY BARELY HARDLY MOSTLY NEARLY PARTLY SIMPLY WIDELY WHOLLY BADLY BOLDLY BRISKLY CALMLY COLDLY COOLLY CRUDELY DARKLY DEARLY DENSELY DIMLY DRYLY BIG AND IT RAN ACROSS THE FIELD
